Day,Tmin,Tmax,Tmean
2012.01.01,3,-1,1
2012.01.02,4,0,2
2012.01.03,6,1,3.5
2012.01.04,6,1,3.5
2012.01.05,4,0,2
2012.01.06,5,0,2.5
2012.01.07,4,-1,1.5
2012.01.08,4,0,2
2012.01.09,4,-1,1.5
2012.01.10,3,-1,1
2012.01.11,3,-1,1
2012.01.12,6,1,3.5
2012.01.13,5,1,3
2012.01.14,2,-1,0.5
2012.01.15,2,-3,-0.5
2012.01.16,1,-3,-1
2012.01.17,0,-5,-2.5
2012.01.18,1,-2,-0.5
2012.01.19,2,-2,0
2012.01.20,3,-1,1
2012.01.21,2,-2,0
2012.01.22,4,1,2.5
2012.01.23,6,1,3.5
2012.01.24,4,1,2.5
2012.01.25,2,-2,0
2012.01.26,1,-3,-1
2012.01.27,1,-4,-1.5
2012.01.28,-1,-5,-3
2012.01.29,-1,-5,-3
2012.01.30,-3,-6,-4.5
2012.01.31,-4,-9,-6.5
2012.02.01,-5,-8,-6.5
2012.02.02,-7,-11,-9
2012.02.03,-7,-12,-9.5
2012.02.04,-8,-10,-9
2012.02.05,-8,-13,-10.5
2012.02.06,-8,-12,-10
2012.02.07,-6,-11,-8.5
2012.02.08,-8,-18,-13
2012.02.09,-8,-16,-12
2012.02.10,-7,-15,-11
2012.02.11,-7,-15,-11
2012.02.12,-5,-15,-10
2012.02.13,-5,-10,-7.5
2012.02.14,-4,-11,-7.5
2012.02.15,0,-9,-4.5
2012.02.16,-1,-7,-4
2012.02.17,1,-6,-2.5
2012.02.18,1,-2,-0.5
2012.02.19,1,-2,-0.5
2012.02.20,2,-1,0.5
2012.02.21,4,-3,0.5
2012.02.22,4,-3,0.5
2012.02.23,4,-1,1.5
2012.02.24,6,1,3.5
2012.02.25,11,4,7.5
2012.02.26,7,-1,3
2012.02.27,3,-2,0.5
2012.02.28,1,-1,0
2012.02.29,10,2,6
2012.03.01,10,1,5.5
2012.03.02,12,5,8.5
2012.03.03,11,1,6
2012.03.04,7,0,3.5
2012.03.05,6,-1,2.5
2012.03.06,6,-2,2
2012.03.07,5,-2,1.5
2012.03.08,4,-3,0.5
2012.03.09,8,-1,3.5
2012.03.10,9,1,5
2012.03.11,10,1,5.5
2012.03.12,9,0,4.5
2012.03.13,12,3,7.5
2012.03.14,12,3,7.5
2012.03.15,13,6,9.5
2012.03.16,16,5,10.5
2012.03.17,17,7,12
2012.03.18,18,7,12.5
2012.03.19,15,4,9.5
2012.03.20,15,6,10.5
2012.03.21,17,7,12
2012.03.22,20,8,14
2012.03.23,19,8,13.5
2012.03.24,20,8,14
2012.03.25,19,8,13.5
2012.03.26,15,4,9.5
2012.03.27,15,6,10.5
2012.03.28,18,8,13
2012.03.29,15,5,10
2012.03.30,13,6,9.5
2012.03.31,13,1,7
2012.04.01,9,1,5
2012.04.02,14,5,9.5
2012.04.03,18,9,13.5
2012.04.04,21,9,15
2012.04.05,23,12,17.5
2012.04.06,22,8,15
2012.04.07,13,4,8.5
2012.04.08,9,-1,4
2012.04.09,10,0,5
2012.04.10,11,2,6.5
2012.04.11,15,6,10.5
2012.04.12,14,5,9.5
2012.04.13,17,9,13
2012.04.14,14,8,11
2012.04.15,16,7,11.5
2012.04.16,13,6,9.5
2012.04.17,14,5,9.5
2012.04.18,17,6,11.5
2012.04.19,17,6,11.5
2012.04.20,19,8,13.5
2012.04.21,17,7,12
2012.04.22,16,7,11.5
2012.04.23,17,8,12.5
2012.04.24,19,9,14
2012.04.25,16,7,11.5
2012.04.26,20,9,14.5
2012.04.27,23,11,17
2012.04.28,25,13,19
2012.04.29,26,14,20
2012.04.30,27,14,20.5
2012.05.01,28,16,22
2012.05.02,29,16,22.5
2012.05.03,28,14,21
2012.05.04,22,11,16.5
2012.05.05,23,11,17
2012.05.06,22,12,17
2012.05.07,15,8,11.5
2012.05.08,24,9,16.5
2012.05.09,25,11,18
2012.05.10,27,14,20.5
2012.05.11,30,13,21.5
2012.05.12,27,9,18
2012.05.13,15,6,10.5
2012.05.14,14,7,10.5
2012.05.15,15,7,11
2012.05.16,18,6,12
2012.05.17,16,4,10
2012.05.18,19,6,12.5
2012.05.19,25,10,17.5
2012.05.20,25,13,19
2012.05.21,25,15,20
2012.05.22,22,14,18
2012.05.23,25,14,19.5
2012.05.24,25,13,19
2012.05.25,21,11,16
2012.05.26,21,9,15
2012.05.27,21,9,15
2012.05.28,21,11,16
2012.05.29,23,12,17.5
2012.05.30,23,11,17
2012.05.31,24,14,19
2012.06.01,21,9,15
2012.06.02,20,13,16.5
2012.06.03,26,16,21
2012.06.04,25,13,19
2012.06.05,19,7,13
2012.06.06,21,13,17
2012.06.07,25,15,20
2012.06.08,26,17,21.5
2012.06.09,27,17,22
2012.06.10,24,15,19.5
2012.06.11,23,14,18.5
2012.06.12,24,12,18
2012.06.13,20,10,15
2012.06.14,22,12,17
2012.06.15,25,14,19.5
2012.06.16,29,16,22.5
2012.06.17,32,20,26
2012.06.18,32,18,25
2012.06.19,32,19,25.5
2012.06.20,31,19,25
2012.06.21,32,21,26.5
2012.06.22,28,17,22.5
2012.06.23,29,16,22.5
2012.06.24,30,16,23
2012.06.25,24,12,18
2012.06.26,22,12,17
2012.06.27,23,14,18.5
2012.06.28,27,16,21.5
2012.06.29,30,19,24.5
2012.06.30,33,21,27
2012.07.01,33,20,26.5
2012.07.02,33,20,26.5
2012.07.03,33,18,25.5
2012.07.04,34,18,26
2012.07.05,34,19,26.5
2012.07.06,34,22,28
2012.07.07,34,21,27.5
2012.07.08,32,20,26
2012.07.09,31,19,25
2012.07.10,30,18,24
2012.07.11,31,17,24
2012.07.12,25,14,19.5
2012.07.13,27,12,19.5
2012.07.14,29,14,21.5
2012.07.15,24,13,18.5
2012.07.16,22,12,17
2012.07.17,22,13,17.5
2012.07.18,24,15,19.5
2012.07.19,29,17,23
2012.07.20,25,14,19.5
2012.07.21,23,14,18.5
2012.07.22,25,14,19.5
2012.07.23,27,16,21.5
2012.07.24,29,18,23.5
2012.07.25,27,19,23
2012.07.26,30,19,24.5
2012.07.27,31,20,25.5
2012.07.28,32,21,26.5
2012.07.29,33,18,25.5
2012.07.30,30,17,23.5
2012.07.31,29,17,23
2012.08.01,31,19,25
2012.08.02,31,19,25
2012.08.03,32,20,26
2012.08.04,32,21,26.5
2012.08.05,33,22,27.5
2012.08.06,34,19,26.5
2012.08.07,27,17,22
2012.08.08,28,15,21.5
2012.08.09,27,15,21
2012.08.10,25,13,19
2012.08.11,22,12,17
2012.08.12,23,11,17
2012.08.13,24,13,18.5
2012.08.14,24,13,18.5
2012.08.15,25,13,19
2012.08.16,29,16,22.5
2012.08.17,29,16,22.5
2012.08.18,30,17,23.5
2012.08.19,32,20,26
2012.08.20,34,20,27
2012.08.21,33,20,26.5
2012.08.22,34,22,28
2012.08.23,34,21,27.5
2012.08.24,34,21,27.5
2012.08.25,33,21,27
2012.08.26,27,15,21
2012.08.27,23,11,17
2012.08.28,28,13,20.5
2012.08.29,29,16,22.5
2012.08.30,30,17,23.5
2012.08.31,29,18,23.5
2012.09.01,29,17,23
2012.09.02,30,18,24
2012.09.03,33,18,25.5
2012.09.04,31,18,24.5
2012.09.05,31,18,24.5
2012.09.06,27,12,19.5
2012.09.07,24,14,19
2012.09.08,27,16,21.5
2012.09.09,29,16,22.5
2012.09.10,29,15,22
2012.09.11,29,16,22.5
2012.09.12,28,13,20.5
2012.09.13,21,14,17.5
2012.09.14,22,14,18
2012.09.15,22,13,17.5
2012.09.16,23,11,17
2012.09.17,25,13,19
2012.09.18,26,15,20.5
2012.09.19,26,10,18
2012.09.20,16,9,12.5
2012.09.21,20,9,14.5
2012.09.22,20,12,16
2012.09.23,22,13,17.5
2012.09.24,25,14,19.5
2012.09.25,25,14,19.5
2012.09.26,26,17,21.5
2012.09.27,28,16,22
2012.09.28,22,14,18
2012.09.29,25,17,21
2012.09.30,24,15,19.5
2012.10.01,25,16,20.5
2012.10.02,23,13,18
2012.10.03,20,14,17
2012.10.04,22,13,17.5
2012.10.05,20,11,15.5
2012.10.06,23,14,18.5
2012.10.07,22,8,15
2012.10.08,15,6,10.5
2012.10.09,16,7,11.5
2012.10.10,16,7,11.5
2012.10.11,16,8,12
2012.10.12,16,9,12.5
2012.10.13,17,10,13.5
2012.10.14,15,11,13
2012.10.15,20,12,16
2012.10.16,16,7,11.5
2012.10.17,17,9,13
2012.10.18,17,9,13
2012.10.19,19,10,14.5
2012.10.20,21,11,16
2012.10.21,21,12,16.5
2012.10.22,23,12,17.5
2012.10.23,20,9,14.5
2012.10.24,18,8,13
2012.10.25,15,8,11.5
2012.10.26,12,9,10.5
2012.10.27,14,5,9.5
2012.10.28,6,2,4
2012.10.29,4,-1,1.5
2012.10.30,5,1,3
2012.10.31,7,2,4.5
2012.11.01,8,5,6.5
2012.11.02,13,5,9
2012.11.03,14,9,11.5
2012.11.04,17,12,14.5
2012.11.05,14,5,9.5
2012.11.06,11,3,7
2012.11.07,9,5,7
2012.11.08,12,6,9
2012.11.09,11,4,7.5
2012.11.10,10,5,7.5
2012.11.11,11,7,9
2012.11.12,13,9,11
2012.11.13,11,5,8
2012.11.14,9,2,5.5
2012.11.15,10,3,6.5
2012.11.16,10,3,6.5
2012.11.17,9,4,6.5
2012.11.18,9,6,7.5
2012.11.19,10,4,7
2012.11.20,11,3,7
2012.11.21,10,4,7
2012.11.22,8,4,6
2012.11.23,9,3,6
2012.11.24,10,3,6.5
2012.11.25,10,4,7
2012.11.26,8,4,6
2012.11.27,12,6,9
2012.11.28,10,7,8.5
2012.11.29,13,3,8
2012.11.30,6,0,3
2012.12.01,5,1,3
2012.12.02,2,-3,-0.5
2012.12.03,1,-5,-2
2012.12.04,3,-2,0.5
2012.12.05,1,-3,-1
2012.12.06,3,-4,-0.5
2012.12.07,-1,-6,-3.5
2012.12.08,-4,-5,-4.5
2012.12.09,-3,-7,-5
2012.12.10,-2,-4,-3
2012.12.11,-1,-8,-4.5
2012.12.12,-3,-8,-5.5
2012.12.13,-3,-6,-4.5
2012.12.14,-3,-5,-4
2012.12.15,1,-1,0
2012.12.16,4,1,2.5
2012.12.17,2,-1,0.5
2012.12.18,1,-1,0
2012.12.19,2,-3,-0.5
2012.12.20,3,-1,1
2012.12.21,1,-2,-0.5
2012.12.22,2,-3,-0.5
2012.12.23,0,-3,-1.5
2012.12.24,2,0,1
2012.12.25,4,2,3
2012.12.26,5,1,3
2012.12.27,4,-1,1.5
2012.12.28,5,-2,1.5
2012.12.29,2,-2,0
2012.12.30,3,0,1.5
2012.12.31,4,-2,1
2013.01.01,2,-2,0
2013.01.02,2,-1,0.5
2013.01.03,3,1,2
2013.01.04,5,3,4
2013.01.05,7,0,3.5
2013.01.06,2,-2,0
2013.01.07,2,-3,-0.5
2013.01.08,0,-1,-0.5
2013.01.09,1,-1,0
2013.01.10,2,-1,0.5
2013.01.11,2,-6,-2
2013.01.12,-1,-5,-3
2013.01.13,-2,-4,-3
2013.01.14,0,-2,-1
2013.01.15,1,1,1
2013.01.16,1,-2,-0.5
2013.01.17,1,-3,-1
2013.01.18,-1,-5,-3
2013.01.19,-4,-6,-5
2013.01.20,1,-2,-0.5
2013.01.21,5,-1,2
2013.01.22,0,-5,-2.5
2013.01.23,0,-3,-1.5
2013.01.24,0,-3,-1.5
2013.01.25,-2,-6,-4
2013.01.26,-3,-6,-4.5
2013.01.27,-3,-4,-3.5
2013.01.28,0,-7,-3.5
2013.01.29,1,-1,0
2013.01.30,4,2,3
2013.01.31,5,2,3.5
2013.02.01,7,2,4.5
2013.02.02,7,-2,2.5
2013.02.03,1,-2,-0.5
2013.02.04,1,-2,-0.5
2013.02.05,4,0,2
2013.02.06,3,-2,0.5
2013.02.07,1,-4,-1.5
2013.02.08,2,-2,0
2013.02.09,0,-2,-1
2013.02.10,-1,-6,-3.5
2013.02.11,-1,-6,-3.5
2013.02.12,1,-1,0
2013.02.13,1,-2,-0.5
2013.02.14,1,-2,-0.5
2013.02.15,3,-1,1
2013.02.16,2,0,1
2013.02.17,3,0,1.5
2013.02.18,3,-2,0.5
2013.02.19,3,-2,0.5
2013.02.20,1,-3,-1
2013.02.21,1,-2,-0.5
2013.02.22,0,-1,-0.5
2013.02.23,2,1,1.5
2013.02.24,4,3,3.5
2013.02.25,6,2,4
2013.02.26,11,3,7
2013.02.27,9,2,5.5
2013.02.28,12,3,7.5
2013.03.01,7,-1,3
2013.03.02,7,0,3.5
2013.03.03,8,0,4
2013.03.04,10,1,5.5
2013.03.05,8,2,5
2013.03.06,12,8,10
2013.03.07,11,6,8.5
2013.03.08,15,7,11
2013.03.09,13,7,10
2013.03.10,13,6,9.5
2013.03.11,14,5,9.5
2013.03.12,13,7,10
2013.03.13,12,6,9
2013.03.14,5,-4,0.5
2013.03.15,-1,-8,-4.5
2013.03.16,1,-3,-1
2013.03.17,2,-2,0
2013.03.18,2,2,2
2013.03.19,7,2,4.5
2013.03.20,12,6,9
2013.03.21,8,-1,3.5
2013.03.22,6,-1,2.5
2013.03.23,4,-4,0
2013.03.24,2,-3,-0.5
2013.03.25,1,-3,-1
2013.03.26,0,-2,-1
2013.03.27,3,-1,1
2013.03.28,4,1,2.5
2013.03.29,2,1,1.5
2013.03.30,3,1,2
2013.03.31,11,-1,5
2013.04.01,7,1,4
2013.04.02,6,4,5
2013.04.03,7,3,5
2013.04.04,7,2,4.5
2013.04.05,9,6,7.5
2013.04.06,11,4,7.5
2013.04.07,10,2,6
2013.04.08,12,5,8.5
2013.04.09,11,6,8.5
2013.04.10,14,5,9.5
2013.04.11,17,9,13
2013.04.12,16,8,12
2013.04.13,16,7,11.5
2013.04.14,17,8,12.5
2013.04.15,20,8,14
2013.04.16,19,7,13
2013.04.17,20,8,14
2013.04.18,24,11,17.5
2013.04.19,22,8,15
2013.04.20,23,9,16
2013.04.21,21,8,14.5
2013.04.22,22,9,15.5
2013.04.23,21,11,16
2013.04.24,23,11,17
2013.04.25,25,14,19.5
2013.04.26,26,14,20
2013.04.27,24,14,19
2013.04.28,23,13,18
2013.04.29,26,15,20.5
2013.04.30,28,15,21.5
2013.05.01,28,13,20.5
2013.05.02,28,16,22
2013.05.03,25,11,18
2013.05.04,23,13,18
2013.05.05,25,14,19.5
2013.05.06,25,16,20.5
2013.05.07,25,15,20
2013.05.08,26,13,19.5
2013.05.09,25,14,19.5
2013.05.10,25,13,19
2013.05.11,25,12,18.5
2013.05.12,19,10,14.5
2013.05.13,18,7,12.5
2013.05.14,21,8,14.5
2013.05.15,22,12,17
2013.05.16,24,14,19
2013.05.17,22,13,17.5
2013.05.18,22,13,17.5
2013.05.19,27,11,19
2013.05.20,22,9,15.5
2013.05.21,21,12,16.5
2013.05.22,20,9,14.5
2013.05.23,16,8,12
2013.05.24,20,9,14.5
2013.05.25,18,8,13
2013.05.26,18,6,12
2013.05.27,14,8,11
2013.05.28,20,9,14.5
2013.05.29,25,15,20
2013.05.30,18,7,12.5
2013.05.31,18,6,12
2013.06.01,19,9,14
2013.06.02,19,10,14.5
2013.06.03,20,9,14.5
2013.06.04,20,11,15.5
2013.06.05,20,12,16
2013.06.06,22,14,18
2013.06.07,26,14,20
2013.06.08,29,15,22
2013.06.09,27,17,22
2013.06.10,27,13,20
2013.06.11,21,12,16.5
2013.06.12,24,12,18
2013.06.13,28,15,21.5
2013.06.14,28,15,21.5
2013.06.15,30,16,23
2013.06.16,31,18,24.5
2013.06.17,33,20,26.5
2013.06.18,36,22,29
2013.06.19,36,21,28.5
2013.06.20,35,21,28
2013.06.21,34,19,26.5
2013.06.22,34,19,26.5
2013.06.23,30,16,23
2013.06.24,25,13,19
2013.06.25,20,9,14.5
2013.06.26,19,11,15
2013.06.27,23,10,16.5
2013.06.28,24,12,18
2013.06.29,24,11,17.5
2013.06.30,24,10,17
2013.07.01,25,11,18
2013.07.02,29,13,21
2013.07.03,29,16,22.5
2013.07.04,32,17,24.5
2013.07.05,31,18,24.5
2013.07.06,32,18,25
2013.07.07,31,17,24
2013.07.08,31,17,24
2013.07.09,31,16,23.5
2013.07.10,33,18,25.5
2013.07.11,29,12,20.5
2013.07.12,25,13,19
2013.07.13,27,14,20.5
2013.07.14,29,16,22.5
2013.07.15,27,12,19.5
2013.07.16,28,13,20.5
2013.07.17,32,17,24.5
2013.07.18,33,18,25.5
2013.07.19,32,18,25
2013.07.20,30,14,22
2013.07.21,30,15,22.5
2013.07.22,31,16,23.5
2013.07.23,32,16,24
2013.07.24,33,15,24
2013.07.25,31,18,24.5
2013.07.26,33,18,25.5
2013.07.27,36,21,28.5
2013.07.28,37,23,30
2013.07.29,39,18,28.5
2013.07.30,29,17,23
2013.08.03,39,21,30
2013.08.04,37,19,28
2013.08.05,38,21,29.5
2013.08.06,38,21,29.5
2013.08.07,37,23,30
2013.08.08,39,22,30.5
2013.08.09,38,20,29
2013.08.10,28,14,21
2013.08.11,30,17,23.5
2013.08.12,31,17,24
2013.08.13,33,17,25
2013.08.14,21,11,16
2013.08.15,28,13,20.5
2013.08.16,33,14,23.5
2013.08.17,34,18,26
2013.08.18,36,19,27.5
2013.08.19,36,18,27
2013.08.20,33,17,25
2013.08.21,30,14,22
2013.08.22,31,14,22.5
2013.08.23,32,16,24
2013.08.24,31,18,24.5
2013.08.25,28,16,22
2013.08.26,28,14,21
2013.08.27,28,16,22
2013.08.28,27,15,21
2013.08.29,26,14,20
2013.08.30,27,14,20.5
2013.08.31,28,15,21.5
2013.09.01,26,11,18.5
2013.09.02,23,15,19
2013.09.03,24,11,17.5
2013.09.04,27,11,19
2013.09.05,28,12,20
2013.09.06,28,12,20
2013.09.07,31,14,22.5
2013.09.08,29,14,21.5
2013.09.09,20,11,15.5
2013.09.10,26,14,20
2013.09.11,21,13,17
2013.09.12,22,10,16
2013.09.13,19,10,14.5
2013.09.14,15,11,13
2013.09.15,25,13,19
2013.09.16,25,15,20
2013.09.17,14,6,10
2013.09.18,17,11,14
2013.09.19,18,8,13
2013.09.20,19,10,14.5
2013.09.21,20,8,14
2013.09.23,21,12,16.5
2013.09.24,21,12,16.5
2013.09.25,24,13,18.5
2013.09.26,26,9,17.5
2013.09.27,19,7,13
2013.09.28,20,8,14
2013.09.29,17,9,13
2013.09.30,14,9,11.5
2013.10.01,19,5,12
2013.10.02,15,3,9
2013.10.03,15,3,9
2013.10.04,15,3,9
2013.10.05,15,3,9
2013.10.06,18,7,12.5
2013.10.07,21,6,13.5
2013.10.08,22,8,15
2013.10.09,18,11,14.5
2013.10.10,19,11,15
2013.10.11,21,11,16
2013.10.12,23,13,18
2013.10.13,24,10,17
2013.10.14,22,13,17.5
2013.10.15,20,11,15.5
2013.10.16,13,7,10
2013.10.17,16,8,12
2013.10.18,15,8,11.5
2013.10.19,15,7,11
2013.10.20,19,10,14.5
2013.10.21,22,14,18
2013.10.22,22,14,18
2013.10.23,24,14,19
2013.10.24,23,13,18
2013.10.25,23,14,18.5
2013.10.26,24,14,19
2013.10.27,22,13,17.5
2013.10.28,21,12,16.5
2013.10.29,18,11,14.5
2013.10.30,19,8,13.5
2013.10.31,17,7,12
2013.11.01,16,9,12.5
2013.11.02,19,11,15
2013.11.03,17,9,13
2013.11.04,14,10,12
2013.11.05,14,6,10
2013.11.06,13,8,10.5
2013.11.07,17,9,13
2013.11.08,16,11,13.5
2013.11.09,17,10,13.5
2013.11.10,13,7,10
2013.11.11,10,5,7.5
2013.11.12,12,5,8.5
2013.11.13,10,6,8
2013.11.14,10,5,7.5
2013.11.15,12,4,8
2013.11.16,14,5,9.5
2013.11.17,13,5,9
2013.11.18,9,3,6
2013.11.19,10,5,7.5
2013.11.20,9,4,6.5
2013.11.21,10,4,7
2013.11.22,11,7,9
2013.11.23,12,6,9
2013.11.24,9,3,6
2013.11.25,3,-2,0.5
2013.11.26,4,-2,1
2013.11.27,4,-2,1
2013.11.28,3,-2,0.5
2013.11.29,6,-1,2.5
2013.11.30,6,0,3
2013.12.01,6,-1,2.5
2013.12.02,8,-1,3.5
2013.12.03,4,-2,1
2013.12.04,3,-1,1
2013.12.05,5,-1,2
2013.12.06,4,-1,1.5
2013.12.07,3,-1,1
2013.12.08,4,0,2
2013.12.09,6,2,4
2013.12.10,4,-1,1.5
2013.12.11,4,0,2
2013.12.12,7,2,4.5
2013.12.13,7,-2,2.5
2013.12.14,6,0,3
2013.12.15,4,-1,1.5
2013.12.16,5,-1,2
2013.12.17,4,-3,0.5
2013.12.18,4,-3,0.5
2013.12.19,0,-3,-1.5
2013.12.20,3,-2,0.5
2013.12.21,4,-2,1
2013.12.22,3,-1,1
2013.12.23,5,0,2.5
2013.12.24,6,0,3
2013.12.25,7,1,4
2013.12.26,6,3,4.5
2013.12.27,8,2,5
2013.12.28,9,3,6
2013.12.29,8,3,5.5
2013.12.30,8,1,4.5
2013.12.31,5,0,2.5
2014.01.01,5,-1,2
2014.01.02,4,0,2
2014.01.03,8,2,5
2014.01.04,8,4,6
2014.01.05,11,5,8
2014.01.06,9,3,6
2014.01.07,9,4,6.5
2014.01.08,9,3,6
2014.01.09,9,2,5.5
2014.01.10,9,2,5.5
2014.01.11,8,4,6
2014.01.12,7,0,3.5
2014.01.13,7,1,4
2014.01.14,6,1,3.5
2014.01.15,6,0,3
2014.01.16,7,0,3.5
2014.01.17,10,5,7.5
2014.01.18,9,6,7.5
2014.01.19,10,6,8
2014.01.20,10,6,8
2014.01.21,9,4,6.5
2014.01.22,6,0,3
2014.01.23,4,-1,1.5
2014.01.24,1,-1,0
2014.01.25,0,-6,-3
2014.01.26,-4,-8,-6
2014.01.27,-4,-9,-6.5
2014.01.28,-1,-4,-2.5
2014.01.29,-2,-6,-4
2014.01.30,0,-4,-2
2014.01.31,-1,-4,-2.5
2014.02.01,-1,-4,-2.5
2014.02.02,2,-3,-0.5
2014.02.03,2,-3,-0.5
2014.02.04,0,-5,-2.5
2014.02.05,0,-3,-1.5
2014.02.06,3,-1,1
2014.02.07,4,1,2.5
2014.02.08,7,2,4.5
2014.02.09,7,2,4.5
2014.02.10,7,4,5.5
2014.02.11,8,3,5.5
2014.02.12,11,2,6.5
2014.02.13,7,2,4.5
2014.02.14,6,2,4
2014.02.15,7,2,4.5
2014.02.16,10,5,7.5
2014.02.17,9,2,5.5
2014.02.18,10,4,7
2014.02.19,11,4,7.5
2014.02.20,12,4,8
2014.02.21,9,6,7.5
2014.02.22,9,4,6.5
2014.02.23,12,3,7.5
2014.02.24,10,3,6.5
2014.02.25,11,4,7.5
2014.02.26,12,4,8
2014.02.27,13,5,9
2014.02.28,10,3,6.5
2014.03.01,11,3,7
2014.03.02,13,4,8.5
2014.03.03,11,6,8.5
2014.03.04,13,5,9
2014.03.05,14,7,10.5
2014.03.06,14,5,9.5
2014.03.07,13,6,9.5
2014.03.08,15,5,10
2014.03.09,13,4,8.5
2014.03.10,12,4,8
2014.03.11,18,7,12.5
2014.03.12,17,6,11.5
2014.03.13,20,8,14
2014.03.14,19,9,14
2014.03.15,17,5,11
2014.03.16,14,8,11
2014.03.17,14,6,10
2014.03.18,18,11,14.5
2014.03.19,15,7,11
2014.03.20,20,8,14
2014.03.21,19,9,14
2014.03.22,20,10,15
2014.03.23,20,10,15
2014.03.24,10,3,6.5
2014.03.25,13,4,8.5
2014.03.26,15,5,10
2014.03.27,17,6,11.5
2014.03.28,20,8,14
2014.03.29,20,6,13
2014.03.30,22,7,14.5
2014.03.31,22,9,15.5
2014.04.01,21,8,14.5
2014.04.02,20,8,14
2014.04.03,21,9,15
2014.04.04,24,13,18.5
2014.04.05,21,10,15.5
2014.04.06,21,11,16
2014.04.07,24,11,17.5
2014.04.08,23,11,17
2014.04.09,15,5,10
2014.04.10,13,4,8.5
2014.04.11,17,5,11
2014.04.12,19,7,13
2014.04.13,19,7,13
2014.04.14,19,3,11
2014.04.15,13,2,7.5
2014.04.16,14,3,8.5
2014.04.17,15,6,10.5
2014.04.18,22,10,16
2014.04.19,21,8,14.5
2014.04.20,17,8,12.5
2014.04.21,22,10,16
2014.04.22,23,11,17
2014.04.23,26,13,19.5
2014.04.24,25,12,18.5
2014.04.25,23,13,18
2014.04.26,23,9,16
2014.04.27,23,9,16
2014.04.28,26,12,19
2014.04.29,25,11,18
2014.04.30,25,11,18
2014.05.01,27,11,19
2014.05.02,26,11,18.5
2014.05.03,24,8,16
2014.05.04,17,5,11
2014.05.05,19,6,12.5
2014.05.06,20,8,14
2014.05.07,24,12,18
2014.05.08,23,10,16.5
2014.05.09,26,13,19.5
2014.05.10,23,12,17.5
2014.05.11,25,9,17
2014.05.12,19,8,13.5
2014.05.13,17,8,12.5
2014.05.14,15,6,10.5
2014.05.15,12,9,10.5
2014.05.16,18,7,12.5
2014.05.17,20,9,14.5
2014.05.18,18,9,13.5
2014.05.19,24,12,18
2014.05.20,27,13,20
2014.05.21,29,16,22.5
2014.05.22,29,17,23
2014.05.23,30,16,23
2014.05.24,31,15,23
2014.05.25,32,16,24
2014.05.26,29,15,22
2014.05.27,28,13,20.5
2014.05.28,23,11,17
2014.05.29,22,11,16.5
2014.05.30,16,6,11
2014.05.31,21,12,16.5
2014.06.01,24,11,17.5
2014.06.02,22,8,15
2014.06.03,25,10,17.5
2014.06.04,26,11,18.5
2014.06.05,29,15,22
2014.06.06,30,14,22
2014.06.07,32,16,24
2014.06.08,34,17,25.5
2014.06.09,36,19,27.5
2014.06.10,37,18,27.5
2014.06.11,36,16,26
2014.06.12,34,17,25.5
2014.06.13,28,13,20.5
2014.06.14,26,11,18.5
2014.06.15,30,11,20.5
2014.06.16,27,13,20
2014.06.17,28,13,20.5
2014.06.18,29,12,20.5
2014.06.19,29,14,21.5
2014.06.20,24,10,17
2014.06.21,25,10,17.5
2014.06.22,27,12,19.5
2014.06.23,29,14,21.5
2014.06.24,29,14,21.5
2014.06.25,20,10,15
2014.06.26,27,10,18.5
2014.06.27,30,13,21.5
2014.06.28,29,15,22
2014.06.29,32,15,23.5
2014.06.30,22,11,16.5
2014.07.01,27,12,19.5
2014.07.02,30,15,22.5
2014.07.03,28,13,20.5
2014.07.04,31,14,22.5
2014.07.05,32,17,24.5
2014.07.06,34,19,26.5
2014.07.07,36,20,28
2014.07.08,33,16,24.5
2014.07.09,27,12,19.5
2014.07.10,30,15,22.5
2014.07.11,26,15,20.5
2014.07.12,29,15,22
2014.07.13,29,15,22
2014.07.14,32,18,25
2014.07.15,34,18,26
2014.07.16,33,18,25.5
2014.07.17,34,18,26
2014.07.18,32,19,25.5
2014.07.19,36,19,27.5
2014.07.20,35,20,27.5
2014.07.21,35,19,27
2014.07.22,27,18,22.5
2014.07.23,27,15,21
2014.07.24,30,17,23.5
2014.07.25,33,18,25.5
2014.07.26,33,18,25.5
2014.07.27,35,19,27
2014.07.28,30,18,24
2014.07.29,31,18,24.5
2014.07.30,33,20,26.5
2014.07.31,30,20,25
2014.08.01,35,19,27
2014.08.02,35,19,27
2014.08.03,34,20,27
2014.08.04,34,20,27
2014.08.05,31,18,24.5
2014.08.06,31,18,24.5
2014.08.07,30,18,24
2014.08.08,31,18,24.5
2014.08.09,32,19,25.5
2014.08.10,33,21,27
2014.08.11,33,17,25
2014.08.12,31,18,24.5
2014.08.13,34,15,24.5
2014.08.14,23,13,18
2014.08.15,29,13,21
2014.08.16,24,12,18
2014.08.17,26,13,19.5
2014.08.18,28,16,22
2014.08.19,28,16,22
2014.08.20,28,15,21.5
2014.08.21,23,11,17
2014.08.22,27,13,20
2014.08.23,27,14,20.5
2014.08.24,23,10,16.5
2014.08.25,24,13,18.5
2014.08.26,26,17,21.5
2014.08.27,23,11,17
2014.08.28,26,13,19.5
2014.08.29,27,13,20
2014.08.30,30,14,22
2014.08.31,29,16,22.5
2014.09.01,28,16,22
2014.09.02,25,16,20.5
2014.09.03,28,17,22.5
2014.09.04,29,17,23
2014.09.05,28,16,22
2014.09.06,28,17,22.5
2014.09.07,29,17,23
2014.09.08,29,17,23
2014.09.09,29,18,23.5
2014.09.10,22,15,18.5
2014.09.11,22,15,18.5
2014.09.12,20,14,17
2014.09.13,24,16,20
2014.09.14,21,15,18
2014.09.15,20,13,16.5
2014.09.16,24,13,18.5
2014.09.17,26,14,20
2014.09.18,25,13,19
2014.09.19,21,13,17
2014.09.20,27,16,21.5
2014.09.21,26,16,21
2014.09.22,18,8,13
2014.09.23,17,8,12.5
2014.09.24,18,8,13
2014.09.25,19,9,14
2014.09.26,20,10,15
2014.09.27,20,11,15.5
2014.09.28,25,13,19
2014.09.29,24,12,18
2014.09.30,24,12,18
2014.10.01,23,15,19
2014.10.02,23,12,17.5
2014.10.03,20,12,16
2014.10.04,20,12,16
2014.10.05,20,10,15
2014.10.06,19,10,14.5
2014.10.07,19,10,14.5
2014.10.08,17,11,14
2014.10.09,22,12,17
2014.10.10,25,14,19.5
2014.10.11,25,14,19.5
2014.10.12,26,15,20.5
2014.10.13,25,16,20.5
2014.10.14,25,13,19
2014.10.15,18,13,15.5
2014.10.16,22,14,18
2014.10.17,19,10,14.5
2014.10.18,21,13,17
2014.10.19,19,10,14.5
2014.10.20,22,14,18
2014.10.21,18,12,15
2014.10.22,9,5,7
2014.10.23,12,7,9.5
2014.10.24,10,6,8
2014.10.25,14,5,9.5
2014.10.26,13,4,8.5
2014.10.27,15,5,10
2014.10.28,16,3,9.5
2014.10.29,12,3,7.5
2014.10.30,12,6,9
2014.10.31,13,4,8.5
2014.11.01,14,5,9.5
2014.11.02,13,5,9
2014.11.03,12,5,8.5
2014.11.04,15,7,11
2014.11.05,16,8,12
2014.11.06,16,10,13
2014.11.07,17,11,14
2014.11.08,18,10,14
2014.11.09,17,9,13
2014.11.10,17,10,13.5
2014.11.11,16,8,12
2014.11.12,13,9,11
2014.11.13,15,8,11.5
2014.11.14,15,7,11
2014.11.15,13,6,9.5
2014.11.16,10,7,8.5
2014.11.17,10,7,8.5
2014.11.18,10,6,8
2014.11.19,10,4,7
2014.11.20,9,3,6
2014.11.21,9,2,5.5
2014.11.22,8,1,4.5
2014.11.23,8,1,4.5
2014.11.24,6,2,4
2014.11.25,6,1,3.5
2014.11.26,5,-1,2
2014.11.27,4,-5,-0.5
2014.11.28,2,1,1.5
2014.11.29,2,1,1.5
2014.11.30,3,0,1.5
2014.12.01,2,0,1
2014.12.02,2,1,1.5
2014.12.03,6,2,4
2014.12.04,7,1,4
2014.12.05,7,4,5.5
2014.12.06,8,4,6
2014.12.07,6,3,4.5
2014.12.08,5,0,2.5
2014.12.09,4,-1,1.5
2014.12.10,4,0,2
2014.12.11,5,-5,0
2014.12.12,6,-4,1
2014.12.13,7,-2,2.5
2014.12.14,8,4,6
2014.12.15,8,3,5.5
2014.12.16,7,2,4.5
2014.12.17,8,3,5.5
2014.12.18,9,-1,4
2014.12.19,11,5,8
2014.12.20,9,2,5.5
2014.12.21,6,2,4
2014.12.22,9,4,6.5
2014.12.23,11,4,7.5
2014.12.24,10,3,6.5
2014.12.25,9,2,5.5
2014.12.26,4,-2,1
2014.12.27,2,-3,-0.5
2014.12.28,0,-5,-2.5
2014.12.29,-2,-8,-5
2014.12.30,-5,-10,-7.5
2014.12.31,-4,-9,-6.5
2015.01.01,-3,-13,-8
2015.01.02,1,-7,-3
2015.01.03,4,-1,1.5
2015.01.04,3,-3,0
2015.01.05,3,-4,-0.5
2015.01.06,3,-6,-1.5
2015.01.07,-4,-7,-5.5
2015.01.08,-1,-4,-2.5
2015.01.09,4,-3,0.5
2015.01.10,12,8,10
2015.01.11,6,1,3.5
2015.01.12,5,0,2.5
2015.01.13,7,-5,1
2015.01.14,6,1,3.5
2015.01.15,6,0,3
2015.01.16,6,1,3.5
2015.01.17,7,1,4
2015.01.18,9,4,6.5
2015.01.19,7,3,5
2015.01.20,6,3,4.5
2015.01.21,8,4,6
2015.01.22,7,4,5.5
2015.01.23,9,2,5.5
2015.01.24,6,0,3
2015.01.25,3,-2,0.5
2015.01.26,2,-1,0.5
2015.01.27,1,-3,-1
2015.01.28,2,-3,-0.5
2015.01.29,1,-2,-0.5
2015.01.30,6,-1,2.5
2015.01.31,2,-1,0.5
2015.02.01,1,-8,-3.5
2015.02.02,2,-3,-0.5
2015.02.03,3,-2,0.5
2015.02.04,2,-1,0.5
2015.02.05,3,-1,1
2015.02.06,3,-4,-0.5
2015.02.07,1,-3,-1
2015.02.08,2,-4,-1
2015.02.09,1,-2,-0.5
2015.02.10,5,1,3
2015.02.11,5,-1,2
2015.02.12,6,1,3.5
2015.02.13,6,1,3.5
2015.02.14,7,2,4.5
2015.02.15,7,2,4.5
2015.02.16,6,-1,2.5
2015.02.17,4,-1,1.5
2015.02.18,6,-1,2.5
2015.02.19,5,0,2.5
2015.02.20,7,1,4
2015.02.21,10,2,6
2015.02.22,9,5,7
2015.02.23,9,4,6.5
2015.02.24,12,5,8.5
2015.02.25,10,5,7.5
2015.02.26,8,5,6.5
2015.02.27,10,5,7.5
2015.02.28,10,3,6.5
2015.03.01,11,5,8
2015.03.02,14,3,8.5
2015.03.03,8,2,5
2015.03.04,10,3,6.5
2015.03.05,8,1,4.5
2015.03.06,8,0,4
2015.03.07,12,2,7
2015.03.08,10,3,6.5
2015.03.09,13,5,9
2015.03.10,15,5,10
2015.03.11,14,5,9.5
2015.03.12,10,4,7
2015.03.13,10,4,7
2015.03.15,14,7,10.5
2015.03.16,14,7,10.5
2015.03.17,14,3,8.5
2015.03.18,11,2,6.5
2015.03.19,11,5,8
2015.03.20,13,4,8.5
2015.03.21,14,6,10
2015.03.22,14,3,8.5
2015.03.23,14,5,9.5
2015.03.24,15,7,11
2015.03.25,17,9,13
2015.03.26,20,10,15
2015.03.27,14,8,11
2015.03.28,12,3,7.5
2015.03.29,13,8,10.5
2015.03.30,12,3,7.5
2015.03.31,12,6,9
2015.04.01,9,3,6
2015.04.02,9,1,5
2015.04.03,9,1,5
2015.04.04,12,2,7
2015.04.05,11,1,6
2015.04.06,10,3,6.5
2015.04.07,12,2,7
2015.04.08,14,5,9.5
2015.04.09,17,5,11
2015.04.10,18,8,13
2015.04.11,21,10,15.5
2015.04.12,21,9,15
2015.04.13,21,7,14
2015.04.14,14,8,11
2015.04.15,23,12,17.5
2015.04.16,26,11,18.5
2015.04.17,24,10,17
2015.04.18,14,3,8.5
2015.04.19,14,5,9.5
2015.04.20,16,5,10.5
2015.04.21,17,7,12
2015.04.22,20,8,14
2015.04.23,21,9,15
2015.04.24,23,11,17
2015.04.25,23,12,17.5
2015.04.26,22,11,16.5
2015.04.27,24,13,18.5
2015.04.28,18,8,13
2015.04.29,20,7,13.5
2015.04.30,19,9,14
2015.05.01,20,13,16.5
2015.05.02,21,11,16
2015.05.03,19,12,15.5
2015.05.04,28,15,21.5
2015.05.05,29,17,23
2015.05.06,29,14,21.5
2015.05.07,25,12,18.5
2015.05.08,25,12,18.5
2015.05.09,26,14,20
2015.05.10,22,8,15
2015.05.11,23,9,16
2015.05.12,25,13,19
2015.05.13,25,13,19
2015.05.14,23,9,16
2015.05.15,19,11,15
2015.05.16,25,12,18.5
2015.05.17,22,9,15.5
2015.05.18,25,13,19
2015.05.19,30,14,22
2015.05.20,31,11,21
2015.05.21,22,14,18
2015.05.22,23,13,18
2015.05.23,22,13,17.5
2015.05.24,27,13,20
2015.05.25,25,15,20
2015.05.26,21,11,16
2015.05.27,20,10,15
2015.05.28,21,10,15.5
2015.05.29,26,12,19
2015.05.30,27,15,21
2015.05.31,28,15,21.5
2015.06.01,30,16,23
2015.06.02,32,18,25
2015.06.03,32,20,26
2015.06.04,32,15,23.5
2015.06.05,27,15,21
2015.06.06,33,18,25.5
2015.06.07,32,18,25
2015.06.08,32,18,25
2015.06.09,31,18,24.5
2015.06.10,32,18,25
2015.06.11,32,18,25
2015.06.12,32,20,26
2015.06.13,32,19,25.5
2015.06.14,33,20,26.5
2015.06.15,31,17,24
2015.06.16,28,16,22
2015.06.17,22,12,17
2015.06.18,25,14,19.5
2015.06.19,25,11,18
2015.06.20,24,10,17
2015.06.21,23,11,17
2015.06.22,26,14,20
2015.06.23,20,12,16
2015.06.24,23,12,17.5
2015.06.25,26,13,19.5
2015.06.26,27,15,21
2015.06.27,28,16,22
2015.06.28,26,15,20.5
2015.06.29,28,15,21.5
2015.06.30,30,16,23
2015.07.01,31,17,24
2015.07.02,31,17,24
2015.07.03,31,18,24.5
2015.07.04,34,21,27.5
2015.07.05,36,22,29
2015.07.06,37,20,28.5
2015.07.07,37,24,30.5
2015.07.08,38,17,27.5
2015.07.09,27,13,20
2015.07.10,25,13,19
2015.07.11,28,14,21
2015.07.12,32,20,26
2015.07.13,30,18,24
2015.07.14,28,17,22.5
2015.07.15,30,18,24
2015.07.16,35,21,28
2015.07.17,37,23,30
2015.07.18,39,23,31
2015.07.19,39,26,32.5
2015.07.20,33,21,27
2015.07.21,36,24,30
2015.07.22,39,24,31.5
2015.07.23,39,22,30.5
2015.07.24,37,24,30.5
2015.07.25,36,18,27
2015.07.26,25,17,21
2015.07.27,30,17,23.5
2015.07.28,23,19,21
2015.07.29,25,16,20.5
2015.07.30,20,14,17
2015.07.31,27,13,20
2015.08.01,32,17,24.5
2015.08.02,30,19,24.5
2015.08.03,35,22,28.5
2015.08.04,35,22,28.5
2015.08.05,36,23,29.5
2015.08.06,37,24,30.5
2015.08.07,36,24,30
2015.08.08,38,24,31
2015.08.09,38,23,30.5
2015.08.10,36,23,29.5
2015.08.11,37,23,30
2015.08.12,39,24,31.5
2015.08.13,38,24,31
2015.08.14,36,22,29
2015.08.15,38,24,31
2015.08.16,37,20,28.5
2015.08.17,27,17,22
2015.08.18,25,16,20.5
2015.08.19,23,15,19
2015.08.20,24,15,19.5
2015.08.21,25,16,20.5
2015.08.22,23,15,19
2015.08.23,27,17,22
2015.08.24,30,20,25
2015.08.25,26,16,21
2015.08.26,32,20,26
2015.08.27,33,21,27
2015.08.28,35,24,29.5
2015.08.29,38,23,30.5
2015.08.30,37,25,31
2015.08.31,38,24,31
2015.09.01,36,21,28.5
2015.09.02,32,18,25
2015.09.03,32,19,25.5
2015.09.04,28,18,23
2015.09.05,20,12,16
2015.09.06,21,11,16
2015.09.07,19,10,14.5
2015.09.08,21,11,16
2015.09.09,22,12,17
2015.09.10,22,13,17.5
2015.09.11,17,11,14
2015.09.12,26,15,20.5
2015.09.13,26,15,20.5
2015.09.14,30,18,24
2015.09.15,31,20,25.5
2015.09.16,32,23,27.5
2015.09.17,34,19,26.5
2015.09.18,34,19,26.5
2015.09.19,29,17,23
2015.09.20,23,12,17.5
2015.09.21,22,13,17.5
2015.09.22,24,15,19.5
2015.09.23,28,14,21
2015.09.24,28,16,22
2015.09.25,20,15,17.5
2015.09.26,17,12,14.5
2015.09.27,20,10,15
2015.09.28,18,12,15
2015.09.29,18,9,13.5
2015.09.30,17,8,12.5
2015.10.01,20,11,15.5
2015.10.02,22,13,17.5
2015.10.03,22,14,18
2015.10.04,24,14,19
2015.10.05,22,13,17.5
2015.10.06,23,15,19
2015.10.07,22,11,16.5
2015.10.08,18,12,15
2015.10.09,18,12,15
2015.10.10,16,10,13
2015.10.11,11,6,8.5
2015.10.12,11,5,8
2015.10.13,12,4,8
2015.10.14,13,10,11.5
2015.10.15,15,11,13
2015.10.16,17,10,13.5
2015.10.17,17,9,13
2015.10.18,16,11,13.5
2015.10.19,14,8,11
2015.10.20,12,5,8.5
2015.10.21,13,6,9.5
2015.10.22,14,7,10.5
2015.10.23,15,8,11.5
2015.10.24,15,8,11.5
2015.10.25,15,9,12
2015.10.26,15,7,11
2015.10.27,14,7,10.5
2015.10.28,15,7,11
2015.10.29,14,5,9.5
2015.10.30,15,8,11.5
2015.10.31,17,8,12.5
2015.11.01,16,3,9.5
2015.11.02,13,3,8
2015.11.03,13,4,8.5
2015.11.04,13,3,8
2015.11.05,15,7,11
2015.11.06,15,7,11
2015.11.07,15,10,12.5
2015.11.08,18,9,13.5
2015.11.09,18,11,14.5
2015.11.10,18,12,15
2015.11.11,19,12,15.5
2015.11.12,18,10,14
2015.11.13,14,8,11
2015.11.14,12,6,9
2015.11.15,10,4,7
2015.11.16,16,10,13
2015.11.17,17,5,11
2015.11.18,19,9,14
2015.11.19,17,9,13
2015.11.20,15,12,13.5
2015.11.21,9,3,6
2015.11.22,6,1,3.5
2015.11.23,6,1,3.5
2015.11.24,6,0,3
2015.11.25,5,0,2.5
2015.11.26,5,-5,0
2015.11.27,5,1,3
2015.11.28,3,1,2
2015.11.29,5,2,3.5
2015.11.30,10,3,6.5
2015.12.01,11,5,8
2015.12.02,11,6,8.5
2015.12.03,13,3,8
2015.12.04,9,0,4.5
2015.12.05,9,4,6.5
2015.12.06,10,4,7
2015.12.07,9,3,6
2015.12.08,7,1,4
2015.12.09,6,2,4
2015.12.10,7,2,4.5
2015.12.11,7,1,4
2015.12.12,8,2,5
2015.12.13,7,1,4
2015.12.14,6,0,3
2015.12.15,5,1,3
2015.12.16,8,2,5
2015.12.17,4,0,2
2015.12.18,5,-6,-0.5
2015.12.19,5,2,3.5
2015.12.20,5,1,3
2015.12.21,7,4,5.5
2015.12.22,10,5,7.5
2015.12.23,10,3,6.5
2015.12.24,8,2,5
2015.12.25,9,4,6.5
2015.12.26,11,5,8
2015.12.27,12,5,8.5
2015.12.28,11,3,7
2015.12.29,8,-1,3.5
2015.12.30,2,-4,-1
2015.12.31,2,-4,-1
2016.01.01,-1,-4,-2.5
2016.01.02,-2,-7,-4.5
2016.01.03,-4,-7,-5.5
2016.01.04,-6,-8,-7
2016.01.05,-3,-9,-6
2016.01.06,0,-8,-4
2016.01.07,1,-5,-2
2016.01.08,2,-9,-3.5
2016.01.09,2,0,1
2016.01.10,4,1,2.5
2016.01.11,10,3,6.5
2016.01.12,6,2,4
2016.01.13,6,1,3.5
2016.01.14,5,-1,2
2016.01.15,2,-2,0
2016.01.16,4,-3,0.5
2016.01.17,1,-4,-1.5
2016.01.18,2,-4,-1
2016.01.19,1,-5,-2
2016.01.20,0,-4,-2
2016.01.21,1,-4,-1.5
2016.01.22,3,-3,0
2016.01.23,-1,-5,-3
2016.01.24,2,-1,0.5
2016.01.25,3,0,1.5
2016.01.26,5,2,3.5
2016.01.27,9,3,6
2016.01.28,9,3,6
2016.01.29,8,3,5.5
2016.01.30,9,2,5.5
2016.01.31,9,4,6.5
2016.02.01,11,-2,4.5
2016.02.02,12,4,8
2016.02.03,9,2,5.5
2016.02.04,6,1,3.5
2016.02.05,6,1,3.5
2016.02.06,7,1,4
2016.02.07,8,4,6
2016.02.08,9,6,7.5
2016.02.09,13,8,10.5
2016.02.10,9,3,6
2016.02.11,7,2,4.5
2016.02.12,8,1,4.5
2016.02.13,6,2,4
2016.02.14,10,4,7
2016.02.15,8,3,5.5
2016.02.16,8,3,5.5
2016.02.17,11,7,9
2016.02.18,12,7,9.5
2016.02.19,8,2,5
2016.02.20,7,-3,2
2016.02.21,11,7,9
2016.02.22,14,8,11
2016.02.23,13,7,10
2016.02.24,8,1,4.5
2016.02.25,7,-2,2.5
2016.02.26,7,0,3.5
2016.02.27,7,-2,2.5
2016.02.28,12,7,9.5
2016.02.29,13,8,10.5
2016.03.01,10,2,6
2016.03.02,10,4,7
2016.03.03,9,4,6.5
2016.03.04,13,3,8
2016.03.05,13,7,10
2016.03.06,13,6,9.5
2016.03.07,11,5,8
2016.03.08,12,3,7.5
2016.03.09,13,5,9
2016.03.10,14,8,11
2016.03.11,14,6,10
2016.03.12,12,6,9
2016.03.13,13,2,7.5
2016.03.14,10,3,6.5
2016.03.15,6,3,4.5
2016.03.16,10,5,7.5
2016.03.17,13,5,9
2016.03.18,13,5,9
2016.03.19,11,2,6.5
2016.03.20,13,5,9
2016.03.21,12,4,8
2016.03.22,12,4,8
2016.03.23,11,5,8
2016.03.24,12,3,7.5
2016.03.25,11,6,8.5
2016.03.26,13,6,9.5
2016.03.27,14,5,9.5
2016.03.28,14,8,11
2016.03.29,16,6,11
2016.03.30,19,10,14.5
2016.03.31,21,12,16.5
2016.04.01,22,9,15.5
2016.04.02,15,6,10.5
2016.04.03,21,12,16.5
2016.04.04,24,12,18
2016.04.05,25,13,19
2016.04.06,24,12,18
2016.04.07,25,14,19.5
2016.04.08,23,14,18.5
2016.04.09,20,12,16
2016.04.10,19,11,15
2016.04.11,20,12,16
2016.04.12,22,12,17
2016.04.13,23,11,17
2016.04.14,17,8,12.5
2016.04.15,20,10,15
2016.04.16,23,12,17.5
2016.04.17,25,12,18.5
2016.04.18,23,9,16
2016.04.19,19,7,13
2016.04.20,15,7,11
2016.04.21,20,10,15
2016.04.22,22,9,15.5
2016.04.23,21,11,16
2016.04.24,11,4,7.5
2016.04.25,12,2,7
2016.04.26,15,6,10.5
2016.04.27,13,2,7.5
2016.04.28,16,8,12
2016.04.29,20,10,15
2016.04.30,21,10,15.5
2016.05.01,20,11,15.5
2016.05.02,22,12,17
2016.05.03,20,11,15.5
2016.05.04,21,10,15.5
2016.05.05,23,10,16.5
2016.05.06,24,11,17.5
2016.05.07,21,11,16
2016.05.08,21,9,15
2016.05.09,23,10,16.5
2016.05.10,23,12,17.5
2016.05.11,21,12,16.5
2016.05.12,20,11,15.5
2016.05.13,21,10,15.5
2016.05.14,20,10,15
2016.05.15,15,5,10
2016.05.16,15,5,10
2016.05.17,16,7,11.5
2016.05.18,20,8,14
2016.05.19,21,11,16
2016.05.20,24,12,18
2016.05.21,26,13,19.5
2016.05.22,26,15,20.5
2016.05.23,28,14,21
2016.05.24,22,12,17
2016.05.25,24,13,18.5
2016.05.26,26,14,20
2016.05.27,29,15,22
2016.05.28,29,17,23
2016.05.29,29,17,23
2016.05.30,26,13,19.5
2016.05.31,25,12,18.5
2016.06.01,26,14,20
2016.06.02,24,12,18
2016.06.03,28,15,21.5
2016.06.04,28,15,21.5
2016.06.05,28,15,21.5
2016.06.06,28,12,20
2016.06.07,24,11,17.5
2016.06.08,25,12,18.5
2016.06.09,26,14,20
2016.06.10,24,14,19
2016.06.11,26,15,20.5
2016.06.12,21,15,18
2016.06.13,27,14,20.5
2016.06.14,25,14,19.5
2016.06.15,23,13,18
2016.06.16,30,20,25
2016.06.17,28,14,21
2016.06.18,30,15,22.5
2016.06.19,30,16,23
2016.06.20,27,15,21
2016.06.21,30,17,23.5
2016.06.22,33,20,26.5
2016.06.23,35,22,28.5
2016.06.24,35,22,28.5
2016.06.25,35,21,28
2016.06.26,34,21,27.5
2016.06.27,29,15,22
2016.06.28,27,16,21.5
2016.06.29,32,19,25.5
2016.06.30,32,18,25
2016.07.01,33,20,26.5
2016.07.02,34,18,26
2016.07.03,28,15,21.5
2016.07.04,27,15,21
2016.07.05,30,18,24
2016.07.06,26,13,19.5
2016.07.07,24,12,18
2016.07.08,30,17,23.5
2016.07.09,29,15,22
2016.07.10,32,18,25
2016.07.11,35,19,27
2016.07.12,35,20,27.5
2016.07.13,33,16,24.5
2016.07.14,23,14,18.5
2016.07.15,26,14,20
2016.07.16,18,14,16
2016.07.17,19,15,17
2016.07.18,27,15,21
2016.07.19,27,16,21.5
2016.07.20,29,17,23
2016.07.21,30,18,24
2016.07.22,33,19,26
2016.07.23,33,21,27
2016.07.24,33,21,27
2016.07.25,34,22,28
2016.07.26,34,22,28
2016.07.27,34,21,27.5
2016.07.28,31,19,25
2016.07.29,32,20,26
2016.07.30,33,19,26
2016.07.31,34,20,27
2016.08.01,29,16,22.5
2016.08.02,29,17,23
2016.08.03,29,18,23.5
2016.08.04,34,20,27
2016.08.05,36,16,26
2016.08.06,30,16,23
2016.08.07,29,16,22.5
2016.08.08,32,18,25
2016.08.09,34,16,25
2016.08.10,27,10,18.5
2016.08.11,23,12,17.5
2016.08.12,25,12,18.5
2016.08.13,27,16,21.5
2016.08.14,31,18,24.5
2016.08.15,31,16,23.5
2016.08.16,29,17,23
2016.08.17,28,14,21
2016.08.18,29,16,22.5
2016.08.19,32,18,25
2016.08.20,33,20,26.5
2016.08.21,31,17,24
2016.08.22,19,14,16.5
2016.08.23,29,16,22.5
2016.08.24,30,17,23.5
2016.08.25,28,17,22.5
2016.08.26,32,18,25
2016.08.27,34,20,27
2016.08.28,35,20,27.5
2016.08.29,35,20,27.5
2016.08.30,31,17,24
2016.08.31,29,15,22
2016.09.01,32,17,24.5
2016.09.02,30,16,23
2016.09.03,31,17,24
2016.09.04,32,18,25
2016.09.05,22,13,17.5
2016.09.06,25,16,20.5
2016.09.07,30,19,24.5
2016.09.08,31,19,25
2016.09.09,32,20,26
2016.09.10,33,19,26
2016.09.11,33,20,26.5
2016.09.12,32,20,26
2016.09.13,32,18,25
2016.09.14,31,17,24
2016.09.15,31,17,24
2016.09.16,31,19,25
2016.09.17,27,14,20.5
2016.09.18,26,16,21
2016.09.19,26,13,19.5
2016.09.20,23,14,18.5
2016.09.21,20,10,15
2016.09.22,20,9,14.5
2016.09.23,21,11,16
2016.09.24,24,13,18.5
2016.09.25,23,11,17
2016.09.26,23,12,17.5
2016.09.27,24,14,19
2016.09.28,25,14,19.5
2016.09.29,26,14,20
2016.09.30,26,13,19.5
2016.10.01,25,14,19.5
2016.10.02,25,13,19
2016.10.03,20,11,15.5
2016.10.04,15,6,10.5
2016.10.05,12,7,9.5
2016.10.06,11,4,7.5
2016.10.07,14,5,9.5
2016.10.08,14,5,9.5
2016.10.09,15,6,10.5
2016.10.10,16,8,12
2016.10.11,15,5,10
2016.10.12,14,11,12.5
2016.10.13,17,9,13
2016.10.14,17,10,13.5
2016.10.15,17,10,13.5
2016.10.16,19,9,14
2016.10.17,14,8,11
2016.10.18,12,6,9
2016.10.19,13,5,9
2016.10.20,12,9,10.5
2016.10.21,11,8,9.5
2016.10.22,14,6,10
2016.10.23,14,4,9
2016.10.24,17,12,14.5
2016.10.25,19,11,15
2016.10.26,14,9,11.5
2016.10.27,12,7,9.5
2016.10.28,13,6,9.5
2016.10.29,15,6,10.5
2016.10.30,12,4,8
2016.10.31,10,3,6.5
2016.11.01,13,5,9
2016.11.02,15,5,10
2016.11.03,10,1,5.5
2016.11.04,10,2,6
2016.11.05,9,1,5
2016.11.06,15,7,11
2016.11.07,10,4,7
2016.11.08,8,4,6
2016.11.09,8,1,4.5
2016.11.10,6,-1,2.5
2016.11.11,9,3,6
2016.11.12,6,0,3
2016.11.13,5,0,2.5
2016.11.14,6,1,3.5
2016.11.15,6,-1,2.5
2016.11.16,4,1,2.5
2016.11.17,7,2,4.5
2016.11.18,12,3,7.5
2016.11.19,11,8,9.5
2016.11.20,13,6,9.5
2016.11.21,12,5,8.5
2016.11.22,11,5,8
2016.11.23,10,5,7.5
2016.11.24,9,4,6.5
2016.11.25,10,4,7
2016.11.26,11,4,7.5
2016.11.27,10,-1,4.5
2016.11.28,4,-1,1.5
2016.11.29,3,-2,0.5
2016.11.30,4,-5,-0.5
2016.12.01,6,-2,2
2016.12.02,7,-1,3
2016.12.03,5,-2,1.5
2016.12.04,4,-2,1
2016.12.05,4,-2,1
2016.12.06,4,-2,1
2016.12.07,5,-3,1
2016.12.08,4,0,2
2016.12.09,7,1,4
2016.12.10,8,3,5.5
2016.12.11,9,3,6
2016.12.12,8,-1,3.5
2016.12.13,3,-3,0
2016.12.14,3,-7,-2
2016.12.15,3,-6,-1.5
2016.12.16,5,-4,0.5
2016.12.17,2,-2,0
2016.12.18,0,-8,-4
2016.12.19,1,-9,-4
2016.12.20,3,-3,0
2016.12.21,1,-12,-5.5
2016.12.22,3,-12,-4.5
2016.12.23,2,-4,-1
2016.12.24,0,-12,-6
2016.12.25,5,-1,2
2016.12.26,10,3,6.5
2016.12.27,6,-1,2.5
2016.12.28,4,-2,1
2016.12.29,3,-3,0
2016.12.30,3,-4,-0.5
2016.12.31,4,-5,-0.5
2017.01.01,4,-5,-0.5
2017.01.02,3,-2,0.5
2017.01.03,2,-3,-0.5
2017.01.04,2,-2,0
2017.01.05,0,-8,-4
2017.01.06,-7,-13,-10
2017.01.07,-8,-13,-10.5
2017.01.08,-7,-17,-12
2017.01.09,-4,-11,-7.5
2017.01.10,-6,-11,-8.5
2017.01.11,-4,-9,-6.5
2017.01.12,3,-8,-2.5
2017.01.13,2,-3,-0.5
2017.01.14,1,-3,-1
2017.01.15,0,-7,-3.5
2017.01.16,-3,-7,-5
2017.01.17,-1,-8,-4.5
2017.01.18,-2,-10,-6
2017.01.19,-2,-12,-7
2017.01.20,-1,-10,-5.5
2017.01.21,0,-9,-4.5
2017.01.22,-1,-9,-5
2017.01.23,-1,-8,-4.5
2017.01.24,0,-7,-3.5
2017.01.25,0,-6,-3
2017.01.26,0,-9,-4.5
2017.01.27,-1,-10,-5.5
2017.01.28,-2,-10,-6
2017.01.29,2,-8,-3
2017.01.30,0,-8,-4
2017.01.31,-2,-12,-7
2017.02.01,2,-1,0.5
2017.02.02,3,2,2.5
2017.02.03,7,3,5
2017.02.04,8,3,5.5
2017.02.05,7,2,4.5
2017.02.06,6,2,4
2017.02.07,4,-1,1.5
2017.02.08,3,0,1.5
2017.02.09,4,-1,1.5
2017.02.10,3,-1,1
2017.02.11,4,-1,1.5
2017.02.12,5,-1,2
2017.02.13,6,-1,2.5
2017.02.14,7,1,4
2017.02.15,10,3,6.5
2017.02.16,8,0,4
2017.02.17,7,0,3.5
2017.02.18,7,1,4
2017.02.19,7,0,3.5
2017.02.20,8,2,5
2017.02.21,8,3,5.5
2017.02.22,11,2,6.5
2017.02.23,14,4,9
2017.02.24,9,2,5.5
2017.02.25,7,1,4
2017.02.26,8,2,5
2017.02.27,12,7,9.5
2017.02.28,15,6,10.5
2017.03.01,11,4,7.5
2017.03.02,12,6,9
2017.03.03,12,3,7.5
2017.03.04,15,4,9.5
2017.03.05,13,5,9
2017.03.06,11,4,7.5
2017.03.07,9,6,7.5
2017.03.08,12,5,8.5
2017.03.09,12,3,7.5
2017.03.10,9,3,6
2017.03.11,10,4,7
2017.03.12,9,2,5.5
2017.03.13,12,3,7.5
2017.03.14,11,2,6.5
2017.03.15,13,4,8.5
2017.03.16,13,3,8
2017.03.17,13,7,10
2017.03.18,11,7,9
2017.03.19,11,7,9
2017.03.20,16,9,12.5
2017.03.21,20,10,15
2017.03.22,21,11,16
2017.03.23,21,10,15.5
2017.03.24,21,7,14
2017.03.25,15,5,10
2017.03.26,12,3,7.5
2017.03.27,15,6,10.5
2017.03.28,18,8,13
2017.03.29,19,9,14
2017.03.30,19,8,13.5
2017.03.31,19,10,14.5
2017.04.01,20,9,14.5
2017.04.02,24,11,17.5
2017.04.03,24,11,17.5
2017.04.04,22,10,16
2017.04.05,17,10,13.5
2017.04.06,11,4,7.5
2017.04.07,11,2,6.5
2017.04.08,17,8,12.5
2017.04.09,18,8,13
2017.04.10,19,10,14.5
2017.04.11,15,5,10
2017.04.12,16,9,12.5
2017.04.13,17,6,11.5
2017.04.14,15,6,10.5
2017.04.15,17,9,13
2017.04.16,14,5,9.5
2017.04.17,15,5,10
2017.04.18,12,3,7.5
2017.04.19,7,3,5
2017.04.20,8,0,4
2017.04.21,11,4,7.5
2017.04.22,13,4,8.5
2017.04.23,12,2,7
2017.04.24,14,6,10
2017.04.25,20,9,14.5
2017.04.26,20,12,16
2017.04.27,22,13,17.5
2017.04.28,18,6,12
2017.04.29,15,7,11
2017.04.30,17,7,12
2017.05.01,20,11,15.5
2017.05.02,22,11,16.5
2017.05.03,22,12,17
2017.05.04,23,10,16.5
2017.05.05,22,10,16
2017.05.06,23,12,17.5
2017.05.07,21,9,15
2017.05.08,19,8,13.5
2017.05.09,14,6,10
2017.05.10,15,6,10.5
2017.05.11,21,12,16.5
2017.05.12,23,13,18
2017.05.13,23,13,18
2017.05.14,25,11,18
2017.05.15,25,14,19.5
2017.05.16,25,12,18.5
2017.05.17,25,13,19
2017.05.18,26,14,20
2017.05.19,26,13,19.5
2017.05.20,24,13,18.5
2017.05.21,24,12,18
2017.05.22,26,16,21
2017.05.23,26,14,20
2017.05.24,21,9,15
2017.05.25,20,10,15
2017.05.26,23,12,17.5
2017.05.27,26,13,19.5
2017.05.28,26,14,20
2017.05.29,27,14,20.5
2017.05.30,29,17,23
2017.05.31,30,17,23.5
2017.06.01,27,13,20
2017.06.02,29,14,21.5
2017.06.03,30,16,23
2017.06.04,30,16,23
2017.06.05,28,17,22.5
2017.06.06,31,18,24.5
2017.06.07,23,16,19.5
2017.06.08,25,14,19.5
2017.06.09,27,12,19.5
2017.06.10,27,14,20.5
2017.06.11,28,12,20
2017.06.12,30,13,21.5
2017.06.13,28,18,23
2017.06.14,26,15,20.5
2017.06.15,27,14,20.5
2017.06.16,24,13,18.5
2017.06.17,21,14,17.5
2017.06.18,27,14,20.5
2017.06.19,29,16,22.5
2017.06.20,32,15,23.5
2017.06.21,33,17,25
2017.06.22,34,18,26
2017.06.23,32,20,26
2017.06.24,32,18,25
2017.06.25,30,20,25
2017.06.26,30,18,24
2017.06.27,31,16,23.5
2017.06.28,33,19,26
2017.06.29,28,17,22.5
2017.06.30,29,18,23.5
2017.07.01,26,15,20.5
2017.07.02,25,15,20
2017.07.03,25,16,20.5
2017.07.04,27,12,19.5
2017.07.05,30,17,23.5
2017.07.06,30,17,23.5
2017.07.07,28,17,22.5
2017.07.08,32,16,24
2017.07.09,30,18,24
2017.07.10,36,20,28
2017.07.11,31.48,22.16,26.82
2017.07.12,32.14,19.55,25.845
2017.07.13,24.78,17.3,21.04
2017.07.14,24.71,14.39,19.55
2017.07.15,24.83,15.19,20.01
2017.07.16,25.43,14.36,19.895
2017.07.17,29.02,16.6,22.81
2017.07.18,31.16,19.56,25.36
2017.07.19,33.04,17.75,25.395
2017.07.20,34.84,18.64,26.74
2017.07.21,33.28,22.94,28.11
2017.07.22,34.21,21.52,27.865
2017.07.23,33.89,21.58,27.735
2017.07.24,30.87,21.92,26.395
2017.07.25,22.1,15.1,18.6
2017.07.26,20.7,13.2,16.95
2017.07.27,20.7,12.8,16.75
2017.07.28,23.1,15.9,19.5
2017.07.29,26.4,16,21.2
2017.07.30,27.9,16.4,22.15
2017.07.31,30,18.3,24.15
2017.08.01,31.7,20.8,26.25
2017.08.02,34.7,23.4,29.05
2017.08.03,34.6,20.5,27.55
2017.08.04,36.8,22.6,29.7
2017.08.05,33.8,24.9,29.35
2017.08.06,32.7,23.1,27.9
2017.08.07,23.7,16.6,20.15
2017.08.08,29.2,13.7,21.45
2017.08.09,29.3,18.2,23.75
2017.08.10,36.1,22.9,29.5
2017.08.11,34.3,22.4,28.35
2017.08.12,23.5,19.9,21.7
2017.08.13,26.4,17.1,21.75
2017.08.14,25.2,12.7,18.95
2017.08.15,27.4,14.9,21.15
2017.08.16,28,14.6,21.3
2017.08.17,30.8,16.3,23.55
2017.08.18,32.9,18,25.45
2017.08.19,32.7,20.5,26.6
2017.08.20,20.9,14.7,17.8
2017.08.21,23.4,13.1,18.25
2017.08.22,22.5,10.7,16.6
2017.08.23,23.7,10.8,17.25
2017.08.24,26.3,9.1,17.7
2017.08.25,29.5,14.1,21.8
2017.08.26,30.2,16.4,23.3
2017.08.27,32.2,18.3,25.25
2017.08.28,25.3,17,21.15
2017.08.29,25.7,14.7,20.2
2017.08.30,28,12.1,20.05
2017.08.31,28.5,12.8,20.65
2017.09.01,31,15.8,23.4
2017.09.02,22.2,16,19.1
2017.09.03,20.2,15.1,17.65
2017.09.04,18.9,12.1,15.5
2017.09.05,21.6,9.6,15.6
2017.09.06,22.2,10.4,16.3
2017.09.07,19.5,12.6,16.05
2017.09.08,21.4,8.7,15.05
2017.09.09,24.5,11.3,17.9
2017.09.10,26,13.8,19.9
2017.09.11,26.1,18.6,22.35
2017.09.12,20.1,14.3,17.2
2017.09.13,22,12.6,17.3
2017.09.14,22.7,12.6,17.65
2017.09.15,17.3,12.2,14.75
2017.09.16,19.1,13,16.05
2017.09.17,16.6,9.4,13
2017.09.18,17.3,10.3,13.8
2017.09.19,14.8,11.3,13.05
2017.09.20,16.3,12.5,14.4
2017.09.21,13.8,12.2,13
2017.09.22,17,10.5,13.75
2017.09.23,13,10.4,11.7
2017.09.24,16.7,9.2,12.95
2017.09.25,16.9,10.9,13.9
2017.09.26,20.9,7.8,14.35
2017.09.27,16.7,12.1,14.4
2017.09.28,16.6,8,12.3
2017.09.29,16.8,5.5,11.15
2017.09.30,16.9,4.3,10.6
2017.10.01,16.2,4.7,10.45
2017.10.02,17,3.1,10.05
2017.10.03,15.6,4.9,10.25
2017.10.04,16.1,10.1,13.1
2017.10.05,19.6,10.5,15.05
2017.10.06,14.9,10.5,12.7
2017.10.07,14.8,8.3,11.55
2017.10.08,14.8,6.8,10.8
2017.10.09,13.6,9.1,11.35
2017.10.10,16,8.2,12.1
2017.10.11,17.8,10.6,14.2
2017.10.12,20.3,8.2,14.25
2017.10.13,17.6,11,14.3
2017.10.14,18.4,9,13.7
2017.10.15,20.5,9,14.75
2017.10.16,21,9.7,15.35
2017.10.17,21.4,9.6,15.5
2017.10.18,20.5,10.8,15.65
2017.10.19,18.8,8,13.4
2017.10.20,19.4,7.7,13.55
2017.10.21,16.9,7.7,12.3
2017.10.22,16.4,8.6,12.5
2017.10.23,10.6,9.3,9.95
2017.10.24,13.1,5,9.05
2017.10.25,12.2,2.8,7.5
2017.10.26,15.3,6.1,10.7
2017.10.27,14.6,8.8,11.7
2017.10.28,10,6.1,8.05
2017.10.29,10.2,5.4,7.8
2017.10.30,8,4.2,6.1
2017.10.31,8.4,2.9,5.65
2017.11.01,10,0.5,5.25
2017.11.02,11.6,3.2,7.4
2017.11.03,11.4,3.9,7.65
2017.11.04,11.4,1.3,6.35
2017.11.05,11.7,4.9,8.3
2017.11.06,12.7,5.8,9.25
2017.11.07,11.2,2.9,7.05
2017.11.08,10.4,6.2,8.3
2017.11.09,9.8,7,8.4
2017.11.10,8.6,3.1,5.85
2017.11.11,10.5,4.6,7.55
2017.11.12,9.7,4.3,7
2017.11.13,9.1,5.1,7.1
2017.11.14,7.2,2.7,4.95
2017.11.15,5.8,-3.1,1.35
2017.11.16,6.4,0.7,3.55
2017.11.17,6.2,-0.1,3.05
2017.11.18,5.3,0,2.65
2017.11.19,6.1,-0.1,3
2017.11.20,5.9,2.2,4.05
2017.11.21,7.8,1.5,4.65
2017.11.22,9.1,3,6.05
2017.11.23,8.4,-0.2,4.1
2017.11.24,7.8,2.4,5.1
2017.11.25,8.8,5.1,6.95
2017.11.26,6.3,2.3,4.3
2017.11.27,5,-0.3,2.35
2017.11.28,4.4,-3,0.7
2017.11.29,2.1,-2,0.05
2017.11.30,3.7,0.8,2.25
2017.12.01,3.1,-3.9,-0.4
2017.12.02,-0.1,-5.9,-3
2017.12.03,-1.3,-5.6,-3.45
2017.12.04,1.5,-3.7,-1.1
2017.12.05,2.8,-0.5,1.15
2017.12.06,3.3,-0.1,1.6
2017.12.07,4.7,-2.7,1
2017.12.08,7.6,-2.9,2.35
2017.12.09,2.5,0.1,1.3
2017.12.10,2.5,-2.8,-0.15
2017.12.11,10.4,2.3,6.35
2017.12.12,13.7,10,11.85
2017.12.13,5,0.9,2.95
2017.12.14,5.5,-1.8,1.85
2017.12.15,8.7,3,5.85
2017.12.16,5.5,0.9,3.2
2017.12.17,3,-2.3,0.35
2017.12.18,0.6,-5.1,-2.25
2017.12.19,-1,-5.6,-3.3
2017.12.20,-2.4,-7.2,-4.8
2017.12.21,-1.8,-8.8,-5.3
2017.12.22,3.4,-1.8,0.8
2017.12.23,2.9,-1.1,0.9
2017.12.24,7.7,2.9,5.3
2017.12.25,6.2,-2.6,1.8
2017.12.26,8.2,-0.5,3.85
2017.12.27,8,1.8,4.9
2017.12.28,7.3,2.2,4.75
2017.12.29,2.4,-1.8,0.3
2017.12.30,2,-4.3,-1.15
2017.12.31,4.4,-0.3,2.05
2018.01.01,7,1.6,4.3
2018.01.02,4.8,1.2,3
2018.01.03,4.1,-1,1.55
2018.01.04,7.7,2.8,5.25
2018.01.05,8.6,2.9,5.75
2018.01.06,12.5,6.4,9.45
2018.01.07,9.6,4,6.8
2018.01.08,8.3,5.7,7
2018.01.09,7.4,4.7,6.05
2018.01.10,5.4,3.7,4.55
2018.01.11,6.2,2.8,4.5
2018.01.12,4.6,2.6,3.6
2018.01.13,2.4,-0.7,0.85
2018.01.14,-0.6,-3.4,-2
2018.01.15,-2.4,-5.2,-3.8
2018.01.16,1.3,-3.7,-1.2
2018.01.17,3,-4.7,-0.85
2018.01.18,3.5,-1,1.25
2018.01.19,4.6,-0.3,2.15
2018.01.20,3.1,-4.1,-0.5
2018.01.21,2.2,-2.2,0
2018.01.22,1.3,-3.4,-1.05
2018.01.23,-0.7,-7.9,-4.3
2018.01.24,-2.3,-12.5,-7.4
2018.01.25,1.4,-5.9,-2.25
2018.01.26,0.2,-5.1,-2.45
2018.01.27,2,-4.3,-1.15
2018.01.28,3.9,-2.8,0.55
2018.01.29,8.5,0.9,4.7
2018.01.30,6.6,-0.9,2.85
2018.01.31,4.7,-2.2,1.25
2018.02.01,8.3,3.8,6.05
2018.02.02,8.7,4,6.35
2018.02.03,2.4,0.2,1.3
2018.02.04,2.4,-1.9,0.25
2018.02.05,1.9,-4.4,-1.25
2018.02.06,0.2,-2,-0.9
2018.02.07,2.3,-3.3,-0.5
2018.02.08,2.8,0.1,1.45
2018.02.09,1.4,-2.8,-0.7
2018.02.10,1.1,-2.2,-0.55
2018.02.11,1.8,-4.7,-1.45
2018.02.12,3.3,-3.5,-0.1
2018.02.13,2.6,-2,0.3
2018.02.14,1.7,-1,0.35
2018.02.15,2.1,-4.6,-1.25
2018.02.16,2.4,-7,-2.3
2018.02.17,2,-2.6,-0.3
2018.02.18,3.3,-4.3,-0.5
2018.02.19,1,-9.3,-4.15
2018.02.20,0.9,-1.6,-0.35
2018.02.21,1.7,-0.9,0.4
2018.02.22,0.4,-3,-1.3
2018.02.23,2,-3.5,-0.75
2018.02.24,-0.1,-9.3,-4.7
2018.02.25,-6.6,-11.9,-9.25
2018.02.26,-6.1,-11.3,-8.7
2018.02.27,-7.2,-9.7,-8.45
2018.02.28,-6.5,-13.1,-9.8
2018.03.01,-7.4,-12.9,-10.15
2018.03.02,-6.3,-9.9,-8.1
2018.03.03,-4.4,-13.5,-8.95
2018.03.04,-3.6,-16.6,-10.1
2018.03.05,-2.4,-17.4,-9.9
2018.03.06,1.8,-2,-0.1
2018.03.07,6,-2.6,1.7
2018.03.08,6.4,-2.8,1.8
2018.03.09,9.3,-2,3.65
2018.03.10,9.7,1.3,5.5
2018.03.11,12.3,4.9,8.6
2018.03.12,13.4,9.4,11.4
2018.03.13,12.6,6.1,9.35
2018.03.14,10.9,5.3,8.1
2018.03.15,10.2,4.4,7.3
2018.03.16,9.9,6.2,8.05
2018.03.17,5.8,0.6,3.2
2018.03.18,-0.4,-4.7,-2.55
2018.03.19,0.6,-6.5,-2.95
2018.03.20,0,-4.1,-2.05
2018.03.21,2.8,-3.5,-0.35
2018.03.22,2.8,-7.8,-2.5
2018.03.23,6.1,-6.1,0
2018.03.24,6.3,-3.5,1.4
2018.03.25,7.8,-3.6,2.1
2018.03.26,8.6,-2.1,3.25
2018.03.27,9.3,1.9,5.6
2018.03.28,10.6,-0.7,4.95
2018.03.29,11.1,3.2,7.15
2018.03.30,11.9,4.2,8.05
2018.03.31,14.2,7.4,10.8
2018.04.01,10.5,6.3,8.4
2018.04.02,11.2,5.2,8.2
2018.04.03,15.3,6.4,10.85
2018.04.04,17.2,9.1,13.15
2018.04.05,17.7,10.7,14.2
2018.04.06,14.7,9,11.85
2018.04.07,16.1,7.2,11.65
2018.04.08,18.8,8.2,13.5
2018.04.09,21,11.6,16.3
2018.04.10,17.4,10.7,14.05
2018.04.11,17.1,8.9,13
2018.04.12,22.1,11,16.55
2018.04.13,18.5,13.4,15.95
2018.04.14,21.2,10.5,15.85
2018.04.15,22.9,13.3,18.1
2018.04.16,19,15.1,17.05
2018.04.17,19.9,12.9,16.4
2018.04.18,20.1,14.5,17.3
2018.04.19,20.9,10.6,15.75
2018.04.20,19.8,10.6,15.2
2018.04.21,19.9,8.9,14.4
2018.04.22,22.8,10,16.4
2018.04.23,25.3,13.2,19.25
2018.04.24,22.6,14.5,18.55
2018.04.25,24.7,12.8,18.75
2018.04.26,22.5,13.9,18.2
2018.04.27,18.4,10.9,14.65
2018.04.28,24.7,10.8,17.75
2018.04.29,23.3,16.2,19.75
2018.04.30,23.8,16,19.9
2018.05.01,23.5,14,18.75
2018.05.02,24.6,15,19.8
2018.05.03,24.9,15,19.95
2018.05.04,26.6,15,20.8
2018.05.05,27.6,18.6,23.1
2018.05.06,23.5,17.3,20.4
2018.05.07,22.6,15.2,18.9
2018.05.08,20.7,13,16.85
2018.05.09,23.6,13.4,18.5
2018.05.10,24.5,16.4,20.45
2018.05.11,24.9,14.2,19.55
2018.05.12,23.2,16.4,19.8
2018.05.13,22.5,13.4,17.95
2018.05.14,20,13.7,16.85
2018.05.15,18.2,11.4,14.8
2018.05.16,17.7,9.4,13.55
2018.05.17,18.2,12.8,15.5
2018.05.18,22.4,14.1,18.25
2018.05.19,22.7,12.7,17.7
2018.05.20,21.9,11.3,16.6
2018.05.21,22.4,14,18.2
2018.05.22,21.2,13.6,17.4
2018.05.23,23,15.7,19.35
2018.05.24,25.9,16.4,21.15
2018.05.25,23.1,18.1,20.6
2018.05.26,26.2,16.2,21.2
2018.05.27,25,17.2,21.1
2018.05.28,26.6,17.3,21.95
2018.05.29,23.8,18.2,21
2018.05.30,25.4,16.2,20.8
2018.05.31,27.3,17,22.15
2018.06.01,28.4,18.1,23.25
2018.06.02,26.9,18.5,22.7
2018.06.03,27.2,20,23.6
2018.06.04,26.4,17.3,21.85
2018.06.05,26.4,17.9,22.15
2018.06.06,21.7,17.3,19.5
2018.06.07,23.4,16.2,19.8
2018.06.08,24.6,17.6,21.1
2018.06.09,23.6,17.7,20.65
2018.06.10,27.8,19.1,23.45
2018.06.11,28.5,21.5,25
2018.06.12,27.7,19.2,23.45
2018.06.13,24.9,18,21.45
2018.06.14,20.6,17,18.8
2018.06.15,19.8,17.4,18.6
2018.06.16,24.1,18.2,21.15
2018.06.17,25.1,18.8,21.95
2018.06.18,25.4,18.2,21.8
2018.06.19,26.7,19.3,23
2018.06.20,27.5,20.4,23.95
2018.06.21,27.9,20.1,24
2018.06.22,19,13.7,16.35
2018.06.23,19.1,11,15.05
2018.06.24,18.5,10.4,14.45
2018.06.25,20.8,10.4,15.6
2018.06.26,21.9,11.6,16.75
2018.06.27,22.3,13.3,17.8
2018.06.28,21.9,15.8,18.85
2018.06.29,25.5,18.2,21.85
2018.06.30,20.8,14.1,17.45
2018.07.01,19.2,13.3,16.25
2018.07.02,21,9.6,15.3
2018.07.03,22.9,11.5,17.2
2018.07.04,26.2,12,19.1
2018.07.05,27.9,14.9,21.4
2018.07.06,27.8,17,22.4
2018.07.07,24.7,17.3,21
2018.07.08,23.6,15.1,19.35
2018.07.09,26.3,15.7,21
2018.07.10,25.4,16.1,20.75
2018.07.11,22,16.9,19.45
2018.07.12,23.8,13.6,18.7
2018.07.13,25.1,15.5,20.3
2018.07.14,25.1,16.7,20.9
2018.07.15,25.9,15.5,20.7
2018.07.16,26.2,15.4,20.8
2018.07.17,26.7,15.3,21
2018.07.18,22.8,19,20.9
2018.07.19,22.5,18.9,20.7
2018.07.20,25.3,18.3,21.8
2018.07.21,26.1,17.7,21.9
2018.07.22,25.8,17.8,21.8
2018.07.23,24,17.9,20.95
2018.07.24,27.9,17.4,22.65
2018.07.25,28.1,17.7,22.9
2018.07.26,27.1,17.9,22.5
2018.07.27,27.2,20.5,23.85
2018.07.28,28.3,19.3,23.8
2018.07.29,30.1,21.7,25.9
2018.07.30,28.4,21.5,24.95
2018.07.31,30.3,22.6,26.45
2018.08.01,30.4,22.2,26.3
2018.08.02,30.4,20.7,25.55
2018.08.03,29.2,20.6,24.9
2018.08.04,28.4,17.9,23.15
2018.08.05,30.2,17.9,24.05
2018.08.06,28.9,18.9,23.9
2018.08.07,29.1,18.2,23.65
2018.08.08,31.5,18.1,24.8
2018.08.09,32.4,20,26.2
2018.08.10,33.2,23,28.1
2018.08.11,27.6,18.7,23.15
2018.08.12,30.1,17.5,23.8
2018.08.13,32.4,18,25.2
2018.08.14,29.1,20,24.55
2018.08.15,27.2,20.2,23.7
2018.08.16,27.9,15,21.45
2018.08.17,29.3,17.5,23.4
2018.08.18,29.7,19.3,24.5
2018.08.19,31.3,18.7,25
2018.08.20,32.1,20.1,26.1
2018.08.21,32.3,21,26.65
2018.08.22,32.4,21.6,27
2018.08.23,31.2,21.6,26.4
2018.08.24,30.3,18.4,24.35
2018.08.25,24,18.3,21.15
2018.08.26,16.6,14.2,15.4
2018.08.27,21.2,8.9,15.05
2018.08.28,25.6,9.6,17.6
2018.08.29,26.4,12.1,19.25
2018.08.30,27.5,13.1,20.3
2018.08.31,27.4,17.2,22.3
2018.09.01,28.9,16.4,22.65
2018.09.02,27.4,17.6,22.5
2018.09.03,22.2,17.3,19.75
2018.09.04,18.4,16.4,17.4
2018.09.05,24.3,15.8,20.05
2018.09.06,22.3,14.6,18.45
2018.09.07,23.7,11.3,17.5
2018.09.08,24.4,14.9,19.65
2018.09.09,23.7,12.6,18.15
2018.09.10,23.8,11.9,17.85
2018.09.11,25.1,12.5,18.8
2018.09.12,26.7,13,19.85
2018.09.13,28.2,13.1,20.65
2018.09.14,26,16.2,21.1
2018.09.15,25.9,17.9,21.9
2018.09.16,22,13.5,17.75
2018.09.17,26.8,11.5,19.15
2018.09.18,25.4,10.9,18.15
2018.09.19,27.3,11.3,19.3
2018.09.20,28,12,20
2018.09.21,28.5,13.6,21.05
2018.09.22,17.5,12.2,14.85
2018.09.23,18.3,9.5,13.9
2018.09.24,18.9,10.6,14.75
2018.09.25,14.4,7.6,11
2018.09.26,14.1,3.9,9
2018.09.27,18.5,2.8,10.65
2018.09.28,18.1,4.6,11.35
2018.09.29,15.1,7,11.05
2018.09.30,15.7,4,9.85
2018.10.01,18,6.4,12.2
2018.10.02,14.3,6.8,10.55
2018.10.03,16.8,3.5,10.15
2018.10.04,15.7,5.7,10.7
2018.10.05,17.1,2.9,10
2018.10.06,20.3,4,12.15
2018.10.07,20.3,12.7,16.5
2018.10.08,19.6,11.9,15.75
2018.10.09,22.7,10,16.35
2018.10.10,23.1,9.2,16.15
2018.10.11,22.3,9,15.65
2018.10.12,21,8.6,14.8
2018.10.13,21.4,8.2,14.8
2018.10.14,19.5,8.3,13.9
2018.10.15,19.4,7.5,13.45
2018.10.16,18.8,8.5,13.65
2018.10.17,21.2,8.8,15
2018.10.18,21.1,9.4,15.25
2018.10.19,21,8.9,14.95
2018.10.20,19.6,7.2,13.4
2018.10.21,10.8,8.3,9.55
2018.10.22,15,7.7,11.35
2018.10.23,12.7,8.2,10.45
2018.10.24,12.8,6.8,9.8
2018.10.25,14.3,6,10.15
2018.10.26,14.1,7.1,10.6
2018.10.27,13.9,10.6,12.25
2018.10.28,20.7,11.4,16.05
2018.10.29,20.4,16,18.2
2018.10.30,18.1,10.8,14.45
2018.10.31,18.4,9.9,14.15
2018.11.01,20.8,8.8,14.8
2018.11.02,21.2,13,17.1
2018.11.03,19.6,11.3,15.45
2018.11.04,17.3,7.9,12.6
2018.11.05,17.2,6.6,11.9
2018.11.06,15.8,7.3,11.55
2018.11.07,15.6,6.6,11.1
2018.11.08,14.3,5.4,9.85
2018.11.09,12.7,3,7.85
2018.11.10,10.9,3.2,7.05
2018.11.11,15,4.8,9.9
2018.11.12,14.7,4.3,9.5
2018.11.13,13.8,5.8,9.8
2018.11.14,12,3.5,7.75
2018.11.15,10.7,0.6,5.65
2018.11.16,8.3,0.9,4.6
2018.11.17,5.9,-1.5,2.2
2018.11.18,6.4,-3.6,1.4
2018.11.19,1.9,-0.5,0.7
2018.11.20,4.5,0.3,2.4
2018.11.21,4.3,3.4,3.85
2018.11.22,4.9,2.4,3.65
2018.11.23,4.8,2.7,3.75
2018.11.24,6.4,1.5,3.95
2018.11.25,6.9,4.7,5.8
2018.11.26,9.4,5.3,7.35
2018.11.27,4.6,0.9,2.75
2018.11.28,1.6,-3.8,-1.1
2018.11.29,-0.2,-6.3,-3.25
2018.11.30,-2.1,-5.3,-3.7
2018.12.01,-1.8,-5.6,-3.7
2018.12.02,0.3,-4.4,-2.05
2018.12.03,3.3,-2.4,0.45
2018.12.04,5.4,0.2,2.8
2018.12.05,4.9,-5,-0.05
2018.12.06,2,-5.9,-1.95
2018.12.07,2.6,-0.9,0.85
2018.12.08,6.8,0.1,3.45
2018.12.09,6.1,-0.1,3
2018.12.10,5.9,1.4,3.65
2018.12.11,3.7,-0.2,1.75
2018.12.12,3.1,-0.9,1.1
2018.12.13,1.6,-5.3,-1.85
2018.12.14,-0.6,-5.7,-3.15
2018.12.15,-0.4,-1.1,-0.75
2018.12.16,-0.7,-4.2,-2.45
2018.12.17,-4.3,-7.6,-5.95
2018.12.18,-2.6,-8.2,-5.4
2018.12.19,-7,-9.8,-8.4
2018.12.20,-4.2,-8.3,-6.25
2018.12.21,-0.9,-6.3,-3.6
2018.12.22,6.7,1.1,3.9
2018.12.23,6.4,2.1,4.25
2018.12.24,4,-2.1,0.95
2018.12.25,2,-3.5,-0.75
2018.12.26,3.8,-0.8,1.5
2018.12.27,5.9,0,2.95
2018.12.28,6.1,2.3,4.2
2018.12.29,5.1,0,2.55
2018.12.30,4.8,-0.7,2.05
2018.12.31,4.2,-1.5,1.35
2019.01.01,2.7,-4.6,-0.95
2019.01.02,3.1,-0.7,1.2
2019.01.03,0.3,-3.3,-1.5
2019.01.04,-1,-6.3,-3.65
2019.01.05,2.2,-3.2,-0.5
2019.01.06,0.4,-6.5,-3.05
2019.01.07,-5.2,-14.9,-10.05
2019.01.08,0,-10.4,-5.2
2019.01.09,1.8,-1.2,0.3
2019.01.10,0.2,-8.6,-4.2
2019.01.11,-6.5,-9.8,-8.15
2019.01.12,3.3,-4.3,-0.5
2019.01.13,3.3,0,1.65
2019.01.14,3.1,-1.4,0.85
2019.01.15,1.2,-3.2,-1
2019.01.16,5.7,-1.3,2.2
2019.01.17,10,-1.1,4.45
2019.01.18,5.6,-3.2,1.2
2019.01.19,0.6,-4.7,-2.05
2019.01.20,0,-2.1,-1.05
2019.01.21,0,-7,-3.5
2019.01.22,-2.4,-9.9,-6.15
2019.01.23,-1.4,-7.1,-4.25
2019.01.24,1.5,-3.1,-0.8
2019.01.25,-3.3,-6.3,-4.8
2019.01.26,-2.7,-6.5,-4.6
2019.01.27,2.7,-2.1,0.3
2019.01.28,3.6,-1.9,0.85
2019.01.29,3.3,-3.6,-0.15
2019.01.30,-1.3,-8.5,-4.9
2019.01.31,0.1,-3.4,-1.65
2019.02.01,2.3,-2,0.15
2019.02.02,9.5,5.3,7.4
2019.02.03,11,3.5,7.25
2019.02.04,4.4,0.9,2.65
2019.02.05,4.7,-1.4,1.65
2019.02.06,3.3,-4.8,-0.75
2019.02.07,2.2,-5.5,-1.65
2019.02.08,3.8,-4.5,-0.35
2019.02.09,3.8,-3.7,0.05
2019.02.10,6.3,-4.5,0.9
2019.02.11,6,2.6,4.3
2019.02.12,3.2,-0.7,1.25
2019.02.13,3.6,-1.7,0.95
2019.02.14,7.1,-0.3,3.4
2019.02.15,7.1,-2.6,2.25
2019.02.16,8.4,-2.3,3.05
2019.02.17,9.7,-2.1,3.8
2019.02.18,7.3,-2.3,2.5
2019.02.19,7.2,-1.3,2.95
2019.02.20,8.3,0.8,4.55
2019.02.21,8.6,-0.5,4.05
2019.02.22,10.6,-2.7,3.95
2019.02.23,-0.8,-6.4,-3.6
2019.02.24,1.5,-6.6,-2.55
2019.02.25,6.5,-4,1.25
2019.02.26,10.5,-3.9,3.3
2019.02.27,9.5,-0.1,4.7
2019.02.28,12.9,0.9,6.9
2019.03.01,11.6,4.7,8.15
2019.03.02,6.9,2.5,4.7
2019.03.03,11.7,3.1,7.4
2019.03.04,14.8,4.1,9.45
2019.03.05,11.9,5,8.45
2019.03.06,13.6,3.5,8.55
2019.03.07,17.2,6.5,11.85
2019.03.08,14.8,7.8,11.3
2019.03.09,12.8,5.8,9.3
2019.03.10,13.8,6.8,10.3
2019.03.11,9.3,3.8,6.55
2019.03.12,7.9,0,3.95
2019.03.13,6,-1.6,2.2
2019.03.14,9.5,-0.9,4.3
2019.03.15,10.1,4.5,7.3
2019.03.16,10,7.7,8.85
2019.03.17,17.6,3.6,10.6
2019.03.18,11.5,6.2,8.85
2019.03.19,9.9,5.2,7.55
2019.03.20,10,2.5,6.25
2019.03.21,11.1,-0.6,5.25
2019.03.22,14,0.7,7.35
2019.03.23,15.6,2.5,9.05
2019.03.24,17.7,5.5,11.6
2019.03.25,12.1,7.5,9.8
2019.03.26,11,5.2,8.1
2019.03.27,9,1.6,5.3
2019.03.28,13.2,-1.1,6.05
2019.03.29,13.8,2.3,8.05
2019.03.30,15.7,2.1,8.9
2019.03.31,17.7,3.1,10.4
2019.04.01,13.9,6.1,10
2019.04.02,15.2,5,10.1
2019.04.03,15.5,8.2,11.85
2019.04.04,17,9,13
2019.04.05,15,6.6,10.8
2019.04.06,15.5,5.9,10.7
2019.04.07,17.6,6.7,12.15
2019.04.08,19.7,8.6,14.15
2019.04.09,19,12,15.5
2019.04.10,17.5,10.9,14.2
2019.04.11,14.2,10,12.1
2019.04.12,10.5,7.7,9.1
2019.04.13,10.1,7.7,8.9
2019.04.14,14.4,8.4,11.4
2019.04.15,12.4,4.6,8.5
2019.04.16,12.8,2.1,7.45
2019.04.17,15.2,3.4,9.3
2019.04.18,18.4,9.2,13.8
2019.04.19,20.7,11.3,16
2019.04.20,19.6,11,15.3
2019.04.21,20.3,11.8,16.05
2019.04.22,19.1,12,15.55
2019.04.23,11.8,9.9,10.85
2019.04.24,21.4,10.2,15.8
2019.04.25,23.8,12.7,18.25
2019.04.26,25.9,15.8,20.85
2019.04.27,17.7,12.2,14.95
2019.04.28,15.8,11.7,13.75
2019.04.29,15.9,10.3,13.1
2019.04.30,16.8,9,12.9
2019.05.01,19.3,10.4,14.85
2019.05.02,21.1,10.8,15.95
2019.05.03,16.9,11.9,14.4
2019.05.04,17.4,12.3,14.85
2019.05.05,11.3,7.1,9.2
2019.05.06,11.7,7.1,9.4
2019.05.07,15.2,6.8,11
2019.05.08,17.8,7.8,12.8
2019.05.09,11.4,9.9,10.65
2019.05.10,19.3,9.9,14.6
2019.05.11,22.3,11.2,16.75
2019.05.12,22.3,13.6,17.95
2019.05.13,16.4,8.8,12.6
2019.05.14,10.5,6.8,8.65
2019.05.15,11.6,8.5,10.05
2019.05.16,17,7.4,12.2
2019.05.17,20,10.4,15.2
2019.05.18,23.4,11.8,17.6
2019.05.19,24.4,14.2,19.3
2019.05.20,22.4,15.9,19.15
2019.05.21,19.8,12.7,16.25
2019.05.22,17.6,14.3,15.95
2019.05.23,18.5,12.6,15.55
2019.05.24,20.5,10.5,15.5
2019.05.25,23.9,13.6,18.75
2019.05.26,25.6,16,20.8
2019.05.27,25.6,17.3,21.45
2019.05.28,23.6,15.3,19.45
2019.05.29,21.8,14.2,18
2019.05.30,16.7,12.7,14.7
2019.05.31,23.1,12.9,18
2019.06.01,25.2,15.8,20.5
2019.06.02,27.2,17,22.1
2019.06.03,28.1,18.1,23.1
2019.06.04,27.5,18.7,23.1
2019.06.05,27.7,19.7,23.7
2019.06.06,26.2,17.3,21.75
2019.06.07,27.7,18.2,22.95
2019.06.08,27.1,18.2,22.65
2019.06.09,28.1,17.9,23
2019.06.10,30.4,20,25.2
2019.06.11,30.9,21.1,26
2019.06.12,31.1,21.5,26.3
2019.06.13,33.3,22.3,27.8
2019.06.14,33,23.3,28.15
2019.06.15,33.8,23.6,28.7
2019.06.16,31.7,24.4,28.05
2019.06.17,29.4,21,25.2
2019.06.18,26.6,19.9,23.25
2019.06.19,29.7,22.9,26.3
2019.06.20,29.8,22.4,26.1
2019.06.21,29.2,21,25.1
2019.06.22,29.8,22.3,26.05
2019.06.23,26.8,21.1,23.95
2019.06.24,29,20.3,24.65
2019.06.25,31.3,20.4,25.85
2019.06.26,32.5,23.9,28.2
2019.06.27,32.5,23.2,27.85
2019.06.28,26.2,18.3,22.25
2019.06.29,28.2,18.6,23.4
2019.06.30,29.1,20.7,24.9
2019.07.01,32.2,20.8,26.5
2019.07.02,30.9,23.2,27.05
2019.07.03,27.1,20.1,23.6
2019.07.04,25.8,19.1,22.45
2019.07.05,28.4,19.7,24.05
2019.07.06,29.6,20.8,25.2
2019.07.07,24.3,20.8,22.55
2019.07.08,23,17.4,20.2
2019.07.09,22.5,17.7,20.1
2019.07.10,23.1,17.3,20.2
2019.07.11,23.9,15.1,19.5
2019.07.12,21.3,17.3,19.3
2019.07.13,22.4,15.9,19.15
2019.07.14,25.9,15.6,20.75
2019.07.15,23.8,17.6,20.7
2019.07.16,26.1,18,22.05
2019.07.17,24.6,14.7,19.65
2019.07.18,27.8,18.8,23.3
2019.07.19,28.5,20.2,24.35
2019.07.20,30.2,20.8,25.5
2019.07.21,32,22,27
2019.07.22,28.6,21.1,24.85
2019.07.23,27.8,21.2,24.5
2019.07.24,29.8,19.9,24.85
2019.07.25,30.1,21.6,25.85
2019.07.26,32.5,22.6,27.55
2019.07.27,30.2,21.8,26
2019.07.28,32.2,20.7,26.45
2019.07.29,29.3,20.7,25
2019.07.30,30.5,20.8,25.65
2019.07.31,28.7,22.6,25.65
2019.08.01,30.6,21.8,26.2
2019.08.02,27.9,21.8,24.85
2019.08.03,25.8,18.2,22
2019.08.04,26.9,17.5,22.2
2019.08.05,27.2,19.7,23.45
2019.08.06,31.2,20.5,25.85
2019.08.07,31.7,22.6,27.15
2019.08.08,28.8,20.7,24.75
2019.08.09,30.7,22,26.35
2019.08.10,33.4,23.1,28.25
2019.08.11,33.6,23.7,28.65
2019.08.12,36.2,24.8,30.5
2019.08.13,28,20.3,24.15
2019.08.14,23,17.4,20.2
2019.08.15,24.2,16.8,20.5
2019.08.16,25.4,19.1,22.25
2019.08.17,27.4,17.9,22.65
2019.08.18,29.7,20,24.85
2019.08.19,32.3,21.7,27
2019.08.20,33.6,23.3,28.45
2019.08.21,30.2,22.5,26.35
2019.08.22,27.7,19.4,23.55
2019.08.23,30.5,21.6,26.05
2019.08.24,32.1,23.4,27.75
2019.08.25,32,23.7,27.85
2019.08.26,31.5,24.3,27.9
2019.08.27,31.5,24.4,27.95
2019.08.28,33.4,24.7,29.05
2019.08.29,33.1,25.4,29.25
2019.08.30,34.7,24.7,29.7
2019.08.31,33.1,25,29.05
2019.09.01,32.3,24.8,28.55
2019.09.02,32.6,22.2,27.4
2019.09.03,21.9,16.1,19
2019.09.04,25.6,15.9,20.75
2019.09.05,26.5,18.6,22.55
2019.09.06,26.3,17.3,21.8
2019.09.07,20.5,18.2,19.35
2019.09.08,23,17.6,20.3
2019.09.09,21.8,15,18.4
2019.09.10,22.7,14.7,18.7
2019.09.11,26.1,16.7,21.4
2019.09.12,25.5,19.7,22.6
2019.09.13,25.4,16.3,20.85
2019.09.14,25.6,18.4,22
2019.09.15,23.8,15.7,19.75
2019.09.16,26.7,17.5,22.1
2019.09.17,22,16.7,19.35
2019.09.18,17.2,11.2,14.2
2019.09.19,17.1,10.4,13.75
2019.09.20,18.8,9.8,14.3
2019.09.21,19.5,12.4,15.95
2019.09.22,22.5,13.1,17.8
2019.09.23,17.7,13.7,15.7
2019.09.24,20.4,14.2,17.3
2019.09.25,20.2,14.9,17.55
2019.09.26,21.1,14.5,17.8
2019.09.27,23,14.7,18.85
2019.09.28,17.5,16.4,16.95
2019.09.29,22.6,14.7,18.65
2019.09.30,24,15.9,19.95
2019.10.01,22.7,13.4,18.05
2019.10.02,23.1,15.9,19.5
2019.10.03,15.2,10.2,12.7
2019.10.04,16.2,8.1,12.15
2019.10.05,13.1,10.3,11.7
2019.10.06,14.6,8.9,11.75
2019.10.07,12.1,8.2,10.15
2019.10.08,13.9,7.2,10.55
2019.10.09,19.2,10.3,14.75
2019.10.10,15.4,11.1,13.25
2019.10.11,17.3,9.4,13.35
2019.10.12,20.6,11.1,15.85
2019.10.13,20.6,13.3,16.95
2019.10.14,21.4,14.6,18
2019.10.15,22.7,14.8,18.75
2019.10.16,17.3,14.1,15.7
2019.10.17,21.5,13.8,17.65
